feature,p_value,score,lgbm,xgb,et,mean
p3_T,0.5594474837876098,0.3406617714167711,0.0,0.0,0.0,0.0
p4_GTCN,1.1016285636768904e-56,251.7082296234468,0.125,0.00094910245,0.002776899586726539,0.04290866734687133
p5_T,3.876982293145464e-55,244.61488407496313,0.1778846153846154,0.0007500502,0.0034771118163195174,0.060703925794152624
p6_GCTN,2.501824023222173e-199,907.3305391135159,0.6057692307692307,0.0020750968,0.013876966988997973,0.20724043152778882
p9_G,6.0042170831599576e-30,129.24172785139052,0.12980769230769232,0.00079034996,0.0031318147190968638,0.044576618997102434
p12_T,8.492178521833418e-276,1259.1573142949098,0.28846153846153844,0.0025900237,0.016912018441414312,0.10265452686087051
p13_G,0.0,2270.0580526692224,0.41346153846153844,0.002575335,0.04288192402134211,0.15297293252524105
p14_G,6.497104452412653e-177,804.2284644364942,0.15865384615384615,0.0005808038,0.007578816902974116,0.05560448894634459
p15_T,0.5485993737451268,0.35983232301502677,0.0,0.0,0.0,0.0
p18_T,0.0,12539.124702468318,0.46153846153846156,1.0,1.0,0.8205128205128206
p21_T,0.3362344729605617,0.9247361734583908,0.0,0.0,0.0,0.0
p27_G,2.282967913606409e-260,1188.1598722142414,0.2644230769230769,0.002071409,0.009177239456659136,0.09189057513343633
p29_G,6.449464428932887e-82,367.5321623552138,0.13942307692307693,0.0011530238,0.004938917502579024,0.04850500607424777
p30_GCNT,0.0003727744430913461,12.66394687790418,0.15865384615384615,0.0013284824,0.005059915035154221,0.05501408119933607
p31_G,0.0,1567.4919947877488,0.10576923076923077,0.00082362007,0.015910369985017322,0.04083440694025349
p33_T,8.220094235038595e-09,33.22233464463768,0.1778846153846154,0.001662731,0.004437486837194109,0.061328277758682825
p34_G,0.0,3231.4547248908993,0.28846153846153844,0.0022607879,0.03371848919309546,0.1081469385109398
p36_G,0.0,3491.366826176518,0.2980769230769231,0.0017794259,0.06633507876287158,0.12206380924301609
p37_C,0.0,6314.634612066953,1.0,0.009089377,0.40328334302156904,0.47079090659965983
p37_TGN,4.4831697822891667e-17,70.55189391409255,0.3317307692307692,0.0021572872,0.0059808337538552235,0.1132896300637084
p38_C,0.0,1989.9744044928361,0.21153846153846154,0.0010955369,0.040447105911207544,0.08436036810436681
p38_G,0.0,15021.110547294691,0.46153846153846156,1.0,1.0,0.8205128205128206
p39_G,0.0,14801.816122974653,0.46153846153846156,1.0,1.0,0.8205128205128206
p39_T,0.0,7967.962503344061,0.46153846153846156,1.0,1.0,0.8205128205128206
p40_C,1.9610647745126229e-146,664.054923886406,0.13942307692307693,0.00086719805,0.004472152288695624,0.04825414241951168
p40_TGN,8.859071466871057e-121,546.1046695368287,0.3557692307692308,0.003738613,0.007540887574807889,0.12234957714825369
p42_G,0.0,1685.9148785574785,0.15865384615384615,0.0012099654,0.03586286409586656,0.0652422252303629
p45_GTCN,0.005464423816947484,7.718947687809484,0.18269230769230768,0.0009720453,0.002243748685383811,0.06196936722405544
p47_GTAN,1.8627491850676034e-154,700.9452460710465,0.11538461538461539,0.0042209085,0.005069202437317747,0.04155824210987929
p48_G,3.652745622254395e-135,612.2350643959379,0.09134615384615384,0.0014101359,0.0028279537888589476,0.031861414505973136
p51_C,5.7116418110475094e-145,657.321876253278,0.41346153846153844,0.017633094,0.047831068870309454,0.1596419002842823
p51_G,0.0,6510.647065308724,0.7932692307692307,0.0650883,0.6067703584617561,0.4883759637093452
p52_C,0.0,14967.84658045298,0.46153846153846156,1.0,1.0,0.8205128205128206
p53_G,0.0,7292.615325149414,0.46153846153846156,1.0,1.0,0.8205128205128206
p54_G,2.174400897020337e-27,117.55096757299151,0.1201923076923077,0.00087780744,0.002433467023201638,0.04116786071873707
p54_TCN,5.121304696889872e-110,496.63844999514924,0.5528846153846154,0.0053248554,0.021094476450435926,0.19310131576062228
p55_G,0.0,3696.2087084063883,0.7019230769230769,0.0038967489,0.2602658404212761,0.32202855540809244
p56_T,0.011982466101573263,6.3134616727002015,0.12980769230769232,0.0021414433,0.0027964372189969834,0.044915190946906686
p58_T,4.364796428148244e-09,34.453845197157165,0.1201923076923077,0.0012124899,0.004676394947359694,0.0420270641824324
p59_T,2.737576167301478e-12,48.86816951238971,0.21153846153846154,0.0038038664,0.022198117431522477,0.0791801484732425
p60_G,2.758641627967833e-227,1035.9475749435692,0.21153846153846154,0.0038038664,0.022198117431522477,0.0791801484732425
p60_T,0.0,4992.99777145691,0.8894230769230769,0.015122309,0.36327715824103624,0.42260751483041287
p62_T,0.00022630620258708536,13.598998689817833,0.1875,0.0015584948,0.0028967856758179106,0.06398509347665117
p64_G,1.0962354403597606e-210,959.5818159655375,0.40384615384615385,0.005188014,0.05174789538946967,0.1535940210427481
p68_C,0.05701520433681775,3.6221483193878377,0.1346153846153846,0.0030644056,0.0027175536216650815,0.04679911462525809
p70_N,9.36386342299292e-26,110.0900557080428,0.09615384615384616,0.0010286783,0.0028476977159377173,0.033343407377773825
p71_G,0.14670284181166615,2.106203901763789,0.20192307692307693,0.0011388407,0.003841937198807912,0.06896795160249446
p71_N,1.387546473122266e-29,127.57916092008972,0.09615384615384616,0.0010286783,0.0028476977159377173,0.033343407377773825
p72_GC,3.298086447790215e-08,30.5237238695469,0.20192307692307693,0.0011239845,0.002498520910055255,0.06851519409795037
p72_N,6.766588284967262e-29,124.43481478292699,0.09615384615384616,0.0010286783,0.0028476977159377173,0.033343407377773825
p72_T,5.733256502788355e-299,1365.7807922702905,0.2644230769230769,0.004294372,0.02240524037684922,0.09704089648787971
p73_C,1.6574174018092849e-161,733.3699278680604,0.10096153846153846,0.0010529747,0.004245134412200618,0.03541988253233952
p73_G,1.0350070838479274e-45,201.3971699225678,0.28846153846153844,0.0038325994,0.010879253124248277,0.10105779698892386
p74_C,0.6916772700301166,0.15727562472769746,0.0,0.0,0.0,0.0
p74_G,0.006240884071330731,7.479400700632514,0.10576923076923077,0.0007152272,0.0020846113972334463,0.03618968979400502
p75_C,0.0,1431.944554785041,0.32211538461538464,0.0010380559,0.029153843053401747,0.11743576117858102
p75_T,2.839706101328535e-08,30.814075720236623,0.17307692307692307,0.0009877076,0.003234670426402052,0.059099767046858515
p76_G,0.29035708696429385,1.1179648953385433,0.0,0.0,0.0,0.0
p79_GNCT,2.1709504085074758e-39,172.43825042493046,0.13942307692307693,0.00074921333,0.0015018241042950699,0.047224704785784666
p80_T,0.011762676206091406,6.346294181461222,0.17307692307692307,0.0006310472,0.0017481093276502729,0.0584853598614986
p85_G,0.3131307167872756,1.0174244500842617,0.0,0.0,0.0,0.0
p87_T,0.0,1706.2372738030226,0.6923076923076923,0.004273759,0.11643653395087689,0.271005995153246
p93_G,4.392089831203223e-22,93.34536467208846,0.07211538461538461,0.001032964,0.0019467897432717597,0.025031712778617227
p94_C,0.002413510746903953,9.205029747330025,0.11057692307692307,0.0006363108,0.002745066240821018,0.037986100033342546
p95_GTCN,6.263776613401708e-07,24.829309650200145,0.07692307692307693,0.00087680225,0.0019709539656840047,0.02659027771378883
p96_GTCN,0.7791548004444082,0.07863573764548125,0.0,0.0,0.0,0.0
p100_T,4.1259631258412937e-47,207.81067859260094,0.21153846153846154,0.0012205245,0.00329740650436762,0.0720187975289085
p102_T,0.015524898881994861,5.855902052256039,0.15384615384615385,0.015665468,0.003849417553992759,0.057787013076219605
p105_T,0.5514635283586873,0.3547018327566558,0.0,0.0,0.0,0.0
