feature,p_value,score,rf,Lasso,LassoLars,mean
p1_N,0.5825225343465124,0.3033143435811909,0.0,0.0,0.0,0.0
p3_N,0.5825225343465124,0.3033143435811909,0.0,0.0,0.0,0.0
p4_T,0.12499119621522634,2.3766167088517727,0.0,0.0,0.0,0.0
p5_N,0.12499119621522634,2.3766167088517727,0.0,0.0,0.0,0.0
p6_N,0.12499119621522634,2.3766167088517727,0.0,0.0,0.0,0.0
p7_N,0.12499119621522634,2.3766167088517727,0.0,0.0,0.0,0.0
p7_P,0.032287035730731356,4.658032275379625,0.04855866942038985,0.11127856230255784,0.11126335223224147,0.09036686131839639
p7_Q,0.9367579038111036,0.006314027988690293,0.0,0.0,0.0,0.0
p8_F,0.6753225651409498,0.17603622361868881,0.0,0.0,0.0,0.0
p8_N,0.8301858980339065,0.04613371464361216,0.0,0.0,0.0,0.0
p8_Y,0.10204639167012093,2.7018752376201545,0.0,0.0,0.0,0.0
p9_N,0.12499119621522634,2.3766167088517727,0.0,0.0,0.0,0.0
p10_Y,0.12499119621522634,2.3766167088517727,0.0,0.0,0.0,0.0
p11_N,0.12499119621522634,2.3766167088517727,0.0,0.0,0.0,0.0
p11_V,0.9117110682037395,0.012330520305667992,0.0,0.0,0.0,0.0
p12_P,0.12499119621522634,2.3766167088517727,0.0,0.0,0.0,0.0
p13_M,0.22507056242046478,1.4823161799428326,0.0,0.0,0.0,0.0
p13_N,0.001834036947437799,10.015813882052102,0.05024591014352438,0.3778295912264119,0.3779977817357609,0.2686910943685657
p14_LQI,0.7349764958105567,0.11496100053050659,0.0,0.0,0.0,0.0
p14_N,0.001834036947437799,10.015813882052102,0.05024591014352438,0.3778295912264119,0.3779977817357609,0.2686910943685657
p14_S,0.516553812649049,0.42250120419374787,0.0,0.0,0.0,0.0
p14_T,0.5415869887503739,0.37408850052540904,0.0,0.0,0.0,0.0
p14_V,0.454874277042422,0.561001262170712,0.0,0.0,0.0,0.0
p16_K,0.3156321620337718,1.012826620926007,0.0,0.0,0.0,0.0
p16_N,0.001834036947437799,10.015813882052102,0.05024591014352438,0.3778295912264119,0.3779977817357609,0.2686910943685657
p16_T,0.040919006518224485,4.242625477963475,0.10038954818489716,0.34824395705086736,0.34788811734002095,0.2655072075252618
p17_T,0.0018340369474377793,10.01581388205212,0.05024591014352438,0.3778295912264119,0.3779977817357609,0.2686910943685657
p18_N,0.001834036947437799,10.015813882052102,0.05024591014352438,0.3778295912264119,0.3779977817357609,0.2686910943685657
p19_N,0.001834036947437799,10.015813882052102,0.05024591014352438,0.3778295912264119,0.3779977817357609,0.2686910943685657
p19_V,0.0019851879165525125,9.861557600765728,0.12899273716392534,0.15997500794263705,0.16003881931825686,0.1496688548082731
p20_V,0.0018340369474377793,10.01581388205212,0.05024591014352438,0.3778295912264119,0.3779977817357609,0.2686910943685657
p21_R,0.0018340369474377793,10.01581388205212,0.05024591014352438,0.3778295912264119,0.3779977817357609,0.2686910943685657
p22_S,0.0005497635006264682,12.397225029833272,0.05024591014352438,0.3778295912264119,0.3779977817357609,0.2686910943685657
p23_P,0.0018340369474377793,10.01581388205212,0.05024591014352438,0.3778295912264119,0.3779977817357609,0.2686910943685657
p24_N,0.03389747758649443,4.572239580290213,0.05024591014352438,0.3778295912264119,0.3779977817357609,0.2686910943685657
p24_Y,0.6181709751944511,0.2493451611482734,0.0,0.0,0.0,0.0
p25_E,0.06661851009609172,3.4072743434824018,0.06700458208644115,0.10373105021938232,0.10384123234114434,0.09152562154898929
p25_N,0.03389747758649443,4.572239580290213,0.05024591014352438,0.3778295912264119,0.3779977817357609,0.2686910943685657
p26_N,0.03389747758649443,4.572239580290213,0.05024591014352438,0.3778295912264119,0.3779977817357609,0.2686910943685657
p26_Y,0.49176594095851744,0.47467783781112605,0.0,0.0,0.0,0.0
p27_P,0.03389747758649443,4.572239580290213,0.05024591014352438,0.3778295912264119,0.3779977817357609,0.2686910943685657
p28_Q,0.03389747758649443,4.572239580290213,0.05024591014352438,0.3778295912264119,0.3779977817357609,0.2686910943685657
p29_N,0.03389747758649443,4.572239580290213,0.05024591014352438,0.3778295912264119,0.3779977817357609,0.2686910943685657
p29_Y,0.47893441045505925,0.503470469964262,0.0,0.0,0.0,0.0
p30_Y,0.026804502725819277,4.98807464943797,0.05024591014352438,0.3778295912264119,0.3779977817357609,0.2686910943685657
p31_N,0.026804502725819277,4.98807464943797,0.05024591014352438,0.3778295912264119,0.3779977817357609,0.2686910943685657
p32_N,0.0025582525271320693,9.369596507241623,0.05024591014352438,0.3778295912264119,0.3779977817357609,0.2686910943685657
p32_V,0.2501531684050856,1.3313700726997486,0.0,0.0,0.0,0.0
p33_DYP,0.1021184155124796,2.700731324573268,0.0,0.0,0.0,0.0
p33_E,0.022847934692175144,5.273770926114949,0.03839591376697273,0.3859956795634234,0.38643298745663324,0.2702748602623431
p33_N,0.5322231427751205,0.39171690047030594,0.0,0.0,0.0,0.0
p33_S,0.09740859322940916,2.777469130298518,0.0,0.0,0.0,0.0
p34_P,0.0011590417321371293,10.915436715675632,0.05024591014352438,0.3778295912264119,0.3779977817357609,0.2686910943685657
p35_N,0.001159041732137155,10.915436715675604,0.05024591014352438,0.3778295912264119,0.3779977817357609,0.2686910943685657
p35_V,0.9491681634087763,0.004076054412223003,0.0,0.0,0.0,0.0
p35_W,0.40380419549350755,0.700399081179927,0.0,0.0,0.0,0.0
p36_G,0.23480787670886338,1.4213879047828175,0.0,0.0,0.0,0.0
p36_K,0.359531458975729,0.8440102285818493,0.0,0.0,0.0,0.0
p36_N,0.001159041732137155,10.915436715675604,0.05024591014352438,0.3778295912264119,0.3779977817357609,0.2686910943685657
p36_Q,0.26351408059182874,1.2583718795195742,0.0,0.0,0.0,0.0
p37_N,0.001159041732137155,10.915436715675604,0.05024591014352438,0.3778295912264119,0.3779977817357609,0.2686910943685657
p37_Y,0.04066199566176388,4.25359925113399,0.11282442857149659,0.021315168454622776,0.021134253205068516,0.051757950077062624
p38_F,0.9491681634087763,0.004076054412223003,0.0,0.0,0.0,0.0
p38_N,0.001159041732137155,10.915436715675604,0.05024591014352438,0.3778295912264119,0.3779977817357609,0.2686910943685657
p38_S,0.2519978052398001,1.3210075059146855,0.0,0.0,0.0,0.0
p39_C,0.36823370449399395,0.8138671309607146,0.0,0.0,0.0,0.0
p39_I,0.0030049426901678044,9.059057621628964,0.05179611411182241,0.18514931795320663,0.18523999892160958,0.14072847699554622
p39_M,0.5529434501996647,0.3534498235971248,0.0,0.0,0.0,0.0
p39_N,0.001159041732137155,10.915436715675604,0.05024591014352438,0.3778295912264119,0.3779977817357609,0.2686910943685657
p39_V,0.4283442708660773,0.6302689668805477,0.0,0.0,0.0,0.0
p40_N,0.0027732206631383145,9.21374407167092,0.05024591014352438,0.3778295912264119,0.3779977817357609,0.2686910943685657
p41_G,0.43530257080403956,0.6114732375400849,0.0,0.0,0.0,0.0
p41_N,0.0027732206631383145,9.21374407167092,0.05024591014352438,0.3778295912264119,0.3779977817357609,0.2686910943685657
p42_NSC,0.0037420428688509097,8.63788511501699,0.07522638010270885,0.34530453688428425,0.34538322044263703,0.25530471247654335
p45_MN,0.23131609033353337,1.4428782110552112,0.0,0.0,0.0,0.0
p46_L,0.6493944544254182,0.20738672205452258,0.0,0.0,0.0,0.0
p46_MNT,0.07834067938716807,3.1360354293452644,0.0,0.0,0.0,0.0
p48_MN,0.02384255710055176,5.197331952977722,0.023596771681947893,0.008445327676482619,0.00842140345266197,0.01348783427036416
p49_L,0.3648385823443556,0.8255081570442271,0.0,0.0,0.0,0.0
p49_M,0.4211183047188922,0.65028399697626,0.0,0.0,0.0,0.0
p49_NV,0.028714354014882704,4.865640802256163,0.024068221949013802,0.10541812238684244,0.10542464248742894,0.07830366227442839
p50_F,0.6785504758948839,0.17234501095753008,0.0,0.0,0.0,0.0
p50_I,0.08170882654394654,3.0661934013035683,0.0,0.0,0.0,0.0
p50_L,0.11922406186860937,2.4517125620653917,0.0,0.0,0.0,0.0
p50_T,8.067639759967868e-08,31.420949751011868,0.35295518483133076,0.467337687519821,0.4667101554041762,0.429001009251776
p50_V,0.6457831814361858,0.2119991743228111,0.0,0.0,0.0,0.0
p51_G,0.9491681634087763,0.00407605441222301,0.0,0.0,0.0,0.0
p54_MN,0.38596384856394417,0.7554391395093246,0.0,0.0,0.0,0.0
p54_V,0.6600490460800581,0.1941327607803036,0.0,0.0,0.0,0.0
p57_M,0.15901614913506723,2.000774111445722,0.0,0.0,0.0,0.0
p60_Y,0.5602863534221043,0.3405249828579319,0.0,0.0,0.0,0.0
p63_L,0.3453468574037051,0.8953667834440399,0.0,0.0,0.0,0.0
p63_V,0.7429649116984889,0.10788266427525313,0.0,0.0,0.0,0.0
p64_Q,0.3900876093580402,0.7423944709317725,0.0,0.0,0.0,0.0
p70_T,0.028714354014882704,4.865640802256157,0.06008628928943764,0.12669454213153922,0.1268051913394957,0.10452867425349084
p71_P,0.32122308997211135,0.9896263569933682,0.0,0.0,0.0,0.0
p75_V,0.24246657097879834,1.37558751936269,0.0,0.0,0.0,0.0
p81_V,0.0005420477604734331,12.425529520349214,0.061423047354464896,0.321409335420916,0.3213824492300487,0.2347382773351432
p82_SGN,0.014741644684729494,6.06824980027397,0.04405192181040709,0.3067469194473824,0.3068883453572501,0.21922906220501318
p83_N,0.44755017912269834,0.5794862201888548,0.0,0.0,0.0,0.0
p84_L,0.807060690878067,0.05982621380570496,0.0,0.0,0.0,0.0
p87_V,0.22963398270537128,1.4533719462889632,0.0,0.0,0.0,0.0
p88_I,0.8121290984180294,0.056664684200190385,0.0,0.0,0.0,0.0
p88_L,0.6763836198711237,0.1748178034501513,0.0,0.0,0.0,0.0
p95_L,0.2134854865970772,1.559090567620957,0.0,0.0,0.0,0.0
p95_M,0.302539345273606,1.0693337686122626,0.0,0.0,0.0,0.0
p95_V,0.679568530540754,0.17119034990640075,0.0,0.0,0.0,0.0
p96_WF,0.023122386551230622,5.252335837165451,0.06008628928943764,0.12669454213153922,0.1268051913394957,0.10452867425349084
p96_Y,0.5983900470404779,0.2784576522296046,0.0,0.0,0.0,0.0
p97_T,0.20679983727579304,1.6057042380437907,0.0,0.0,0.0,0.0
p99_L,0.831603860667073,0.04535471784394795,0.0,0.0,0.0,0.0
p99_M,0.6659194646094484,0.1870529512129739,0.0,0.0,0.0,0.0
p100_N,0.31577380855326675,1.0122321624898256,0.0,0.0,0.0,0.0
p102_Y,0.3248435166610033,0.9748861340140084,0.0,0.0,0.0,0.0
p104_V,0.6881561067256726,0.16163041189868071,0.0,0.0,0.0,0.0
p105_L,0.8062644323846032,0.06033116555738917,0.0,0.0,0.0,0.0
p107_P,0.029048599689035733,4.845095729935851,0.03839591376697273,0.3859956795634234,0.38643298745663324,0.2702748602623431
p107_R,0.5505263296982001,0.35777584793665074,0.0,0.0,0.0,0.0
p108_L,0.644642526831583,0.2134688532969285,0.0,0.0,0.0,0.0
p108_T,0.6586065120175812,0.19589653761489853,0.0,0.0,0.0,0.0
p108_VM,0.0019108256342593847,9.935884938194123,0.09116937845153568,0.07411936690086876,0.07335239919655571,0.07954704818298673
p111_N,0.13308821741378699,2.2774911626910685,0.0,0.0,0.0,0.0
p112_L,0.6646010935234297,0.18862929938810766,0.0,0.0,0.0,0.0
p116_S,0.6616088905770563,0.19223626484866177,0.0,0.0,0.0,0.0
p119_L,0.7983006040875549,0.06550570325911523,0.0,0.0,0.0,0.0
p122_I,0.0751864209063786,3.204465008467689,0.0,0.0,0.0,0.0
p122_M,0.04766933515205932,3.9779801844039846,0.04824650866636967,0.24389812578378905,0.24397010564620178,0.1787049133654535
p122_Q,0.005233847168440588,7.9986959078825945,0.13513930235290242,0.4436771943571486,0.44369878794756556,0.34083842821920546
p123_VMN,0.36934444328598715,0.8100911940009632,0.0,0.0,0.0,0.0
p124_G,0.23552969632493181,1.416993939872015,0.0,0.0,0.0,0.0
p124_S,0.010632616442764664,6.669901413307929,0.04245889024194148,0.07104706252446231,0.07099821040292778,0.06150138772311053
p127_C,0.08990047515684373,2.908648445325461,0.0,0.0,0.0,0.0
p127_S,0.7811835181740435,0.07740071176255049,0.0,0.0,0.0,0.0
p129_V,0.0839339006726319,3.021751283090925,0.0,0.0,0.0,0.0
p132_S,0.48844206320622696,0.4820154944422689,0.0,0.0,0.0,0.0
p133_V,0.2924958230364175,1.1148802696127746,0.0,0.0,0.0,0.0
p136_Y,0.8622269227004905,0.03020596280158749,0.0,0.0,0.0,0.0
p137_L,0.9969385129537348,1.4765292642250434e-05,0.0,0.0,0.0,0.0
p137_M,0.504451983963345,0.447424878200848,0.0,0.0,0.0,0.0
p137_V,0.022916076349458282,5.268423913832427,0.08528534350603464,0.4679942457476368,0.46841026133675573,0.3405632835301424
p143_M,0.12019289257006373,2.4388170285253388,0.0,0.0,0.0,0.0
p143_VT,0.1001179841303404,2.73283838243488,0.0,0.0,0.0,0.0
p144_S,0.549015441643445,0.3604981353116529,0.0,0.0,0.0,0.0
p144_TGRE,0.13938545181042175,2.204980818545999,0.0,0.0,0.0,0.0
p145_S,0.21973032812634694,1.517100990297922,0.0,0.0,0.0,0.0
p149_T,0.11924427863868929,2.45144227563611,0.0,0.0,0.0,0.0
p151_N,0.13304103996567598,2.278048901608068,0.0,0.0,0.0,0.0
p151_SQ,0.6170121003969675,0.2509951057695445,0.0,0.0,0.0,0.0
p151_T,0.002423273179896829,9.474481751459168,0.0580050157949216,0.09677182102715721,0.09730779272910096,0.08402820985039326
p154_V,0.454628224665668,0.5616146543539411,0.0,0.0,0.0,0.0
p155_M,0.28730639439078426,1.1392104369659422,0.0,0.0,0.0,0.0
p157_V,0.3999461379008913,0.7119992817167233,0.0,0.0,0.0,0.0
p158_G,0.3388511937559031,0.919856222105383,0.0,0.0,0.0,0.0
p158_S,0.06465171272757674,3.457810170213136,0.027750888354204778,0.04205066527585079,0.04238134821403801,0.03739430061469786
p158_T,0.9667338787166652,0.001744348833163279,0.0,0.0,0.0,0.0
p158_V,2.387277942150478e-06,23.822424343634104,0.2708034224397368,0.32278443761138625,0.32277645457443366,0.30545477154185224
p159_F,0.07419309459937266,3.2266609491442293,0.0,0.0,0.0,0.0
p159_L,0.15146022904187112,2.075786234497425,0.0,0.0,0.0,0.0
p159_V,0.8509492221982199,0.03541501976284584,0.0,0.0,0.0,0.0
p160_T,0.4895647411862628,0.4795277961636902,0.0,0.0,0.0,0.0
p162_F,0.036588512552545784,4.438053848139003,0.04248868155157201,0.2308321575985854,0.23097116234906762,0.168097333833075
p162_I,0.8530218114055448,0.034425591010499135,0.0,0.0,0.0,0.0
p162_L,0.9065868050795693,0.013810213377570825,0.0,0.0,0.0,0.0
p162_T,0.09181663540726918,2.8740585951667668,0.0,0.0,0.0,0.0
p162_V,0.30838653940327515,1.0437105896261134,0.0,0.0,0.0,0.0
p163_G,0.7022387584344054,0.14663848837839613,0.0,0.0,0.0,0.0
p163_M,0.7091228766860411,0.13961366637542544,0.0,0.0,0.0,0.0
p165_C,0.31962868206481987,0.9961878623392288,0.0,0.0,0.0,0.0
p165_L,0.019140862941487712,5.592948937322444,0.12469461909284871,0.23396316101103887,0.2338733300314859,0.1975103700451245
p165_NMTG,0.2979620621297369,1.0898452297173604,0.0,0.0,0.0,0.0
p165_S,0.2579853311274215,1.2880081132935752,0.0,0.0,0.0,0.0
p166_S,0.6196971629736666,0.24718262377476014,0.0,0.0,0.0,0.0
p166_T,0.046574167346758115,4.018099587968157,0.09125253021973247,0.18954410214279346,0.18950205313681454,0.15676622849978017
p168_S,0.9436222616598663,0.0050155709586252,0.0,0.0,0.0,0.0
p168_T,0.1374498680769699,2.2268680853247496,0.0,0.0,0.0,0.0
p169_FLM,0.051911799631144645,3.831334568122366,0.014918493027669826,0.16761860282575627,0.16758195834559356,0.11670635139967322
p169_G,0.15083428971173243,2.0821913201800455,0.0,0.0,0.0,0.0
p169_V,0.7516148652696358,0.10049817331673017,0.0,0.0,0.0,0.0
p173_L,0.00033612433462729997,13.387219185033954,0.10621416537918088,0.34302435971598133,0.342893607962706,0.26404404435262274
p173_V,0.04422868936862536,4.107506176309167,0.06424090118224127,0.2519839504147113,0.251793667819295,0.18933950647208253
p183_M,0.03590069905789155,4.4713343720478225,0.04437799773059238,0.35926677171780796,0.3596981339141122,0.25444763445417085
p185_GNS,0.42867858406566905,0.6293553181760874,0.0,0.0,0.0,0.0
p185_V,0.6511390944507659,0.20518034449260478,0.0,0.0,0.0,0.0
p186_GNT,0.3086287532490513,1.042662863362948,0.0,0.0,0.0,0.0
p186_S,0.23521703308428746,1.4188952117753593,0.0,0.0,0.0,0.0
p189_V,0.5152771002708815,0.42508245490008917,0.0,0.0,0.0,0.0
p194_P,0.25164175671714845,1.3230003544103324,0.0,0.0,0.0,0.0
p194_R,0.4031833402399314,0.7022548756686804,0.0,0.0,0.0,0.0
p195_H,0.29930117488802116,1.0838024627639884,0.0,0.0,0.0,0.0
p195_K,0.9374921995453869,0.006167954676944544,0.0,0.0,0.0,0.0
p195_N,0.09181663540726918,2.8740585951667494,0.0,0.0,0.0,0.0
p196_P,0.795976275960712,0.0670587306152206,0.0,0.0,0.0,0.0
p197_E,0.22418528280760994,1.4880134130094291,0.0,0.0,0.0,0.0
p197_G,0.8257661737146968,0.04860641114203724,0.0,0.0,0.0,0.0
p198_I,0.0020881147129991357,9.763254839025553,0.08892626619391955,0.36628879536198866,0.3664791853501745,0.27389808230202756
p198_SN,0.12861199844433827,2.33142457536161,0.0,0.0,0.0,0.0
p198_T,0.29930117488802116,1.0838024627639884,0.0,0.0,0.0,0.0
p198_V,0.24243686344567553,1.375761741917434,0.0,0.0,0.0,0.0
p198_Y,0.12128969950236856,2.424357390151936,0.0,0.0,0.0,0.0
p205_L,0.33961540869957274,0.916942161239933,0.0,0.0,0.0,0.0
p205_V,0.13938545181042175,2.2049808185459967,0.0,0.0,0.0,0.0
p209_F,0.8000622818654173,0.06434153003126278,0.0,0.0,0.0,0.0
p209_I,0.06735228954306931,3.3888308265321188,0.08374361882172018,0.00822158858879987,0.008381966896932725,0.03344905810248426
p209_S,0.5602863534221043,0.34052498285793137,0.0,0.0,0.0,0.0
p209_T,0.42639238983575856,0.6356249338873814,0.0,0.0,0.0,0.0
p209_V,0.40380419549350755,0.7003990811799266,0.0,0.0,0.0,0.0
p210_LFN,0.2578058275288092,1.2889835520324322,0.0,0.0,0.0,0.0
p210_V,0.1094068986140155,2.589362768375528,0.0,0.0,0.0,0.0
p213_C,0.7635238154822218,0.09080050691761228,0.0,0.0,0.0,0.0
p213_I,0.5592017964273378,0.3424136239367979,0.0,0.0,0.0,0.0
p213_L,0.5723765201982565,0.31994010818629953,0.0,0.0,0.0,0.0
p213_M,0.030344578834207932,4.767721071048074,0.11436259470375283,0.27175533836016724,0.27178081922283576,0.21929958409558528
p213_S,0.15701242870451598,2.0202624190271,0.0,0.0,0.0,0.0
p213_T,0.8240323825498694,0.04959490611124906,0.0,0.0,0.0,0.0
p214_G,0.18669402789075568,1.7574237915553395,0.0,0.0,0.0,0.0
p214_I,0.5772526833763354,0.3118770878877254,0.0,0.0,0.0,0.0
p214_T,0.10900161855758861,2.595337173496456,0.0,0.0,0.0,0.0
p214_V,0.8064030499158537,0.06024309869405686,0.0,0.0,0.0,0.0
p216_L,0.015720186795413822,5.950801824848912,0.0444493079939343,0.18273182941547575,0.1827818152089212,0.13665431753944376
p216_M,0.5354524193695418,0.38557389383454427,0.0,0.0,0.0,0.0
p217_CLNMS,0.32781749261463977,0.9629403134590004,0.0,0.0,0.0,0.0
p217_F,0.3784009252652335,0.7798879542527725,0.0,0.0,0.0,0.0
p217_I,0.20858235057304966,1.5931023516271052,0.0,0.0,0.0,0.0
p217_T,0.1199635270341583,2.4418594704830396,0.0,0.0,0.0,0.0
p217_V,0.6091733112481357,0.26233563430227214,0.0,0.0,0.0,0.0
p218_TN,0.2189076751222857,1.522549962658116,0.0,0.0,0.0,0.0
p218_V,0.5619092819921293,0.3377118953432354,0.0,0.0,0.0,0.0
p219_V,0.4137070289007059,0.6713547258481161,0.0,0.0,0.0,0.0
p220_F,0.8175970694232306,0.05335545944935494,0.0,0.0,0.0,0.0
p220_S,0.3860099383866227,0.7552922415466508,0.0,0.0,0.0,0.0
p220_T,0.48844206320622696,0.4820154944422689,0.0,0.0,0.0,0.0
p225_Q,0.19821898480542016,1.6682280186817549,0.0,0.0,0.0,0.0
p225_R,0.21007548266102408,1.5826446661955675,0.0,0.0,0.0,0.0
p227_V,0.20399130307097296,1.625824291960699,0.0,0.0,0.0,0.0
p228_F,0.3156495580812461,1.0127535947270119,0.0,0.0,0.0,0.0
p229_T,0.31649522110796674,1.0092099969702342,0.0,0.0,0.0,0.0
p232_E,0.01174780083725052,6.4854663713173375,0.0580050157949216,0.09677182102715721,0.09730779272910096,0.08402820985039326
p236_Q,0.33795318885112724,0.9232918078132374,0.0,0.0,0.0,0.0
p241_E,0.3156321620337718,1.0128266209260073,0.0,0.0,0.0,0.0
p245_R,0.3156321620337718,1.0128266209260073,0.0,0.0,0.0,0.0
p248_R,0.4622678958169554,0.5428113183978439,0.0,0.0,0.0,0.0
p251_T,0.9454221990629814,0.004699928145555176,0.0,0.0,0.0,0.0
p255_V,0.5411226864465037,0.3749494201620269,0.0,0.0,0.0,0.0
p256_L,0.3491066594426062,0.8814761280434684,0.0,0.0,0.0,0.0
p256_M,0.18447025500468398,1.7753784934101629,0.0,0.0,0.0,0.0
p256_V,0.3838291043747388,0.7622706095413717,0.0,0.0,0.0,0.0
p258_LN,0.6263150123084011,0.2379407262994142,0.0,0.0,0.0,0.0
p258_M,0.9724519773758605,0.001195996870146589,0.0,0.0,0.0,0.0
p258_V,0.46981546717392886,0.5247157465682729,0.0,0.0,0.0,0.0
p259_I,0.45541757815803385,0.5596487020484382,0.0,0.0,0.0,0.0
p259_V,0.2537523808618623,1.3112375541285572,0.0,0.0,0.0,0.0
p260_G,0.8235069394475084,0.04989654241303185,0.0,0.0,0.0,0.0
p260_S,0.8958855444041095,0.017174925664612664,0.0,0.0,0.0,0.0
p261_Y,7.785649829388912e-06,21.2548088179753,0.3594852465121142,0.6149445893872573,0.6149321633843013,0.5297873330945576
p263_M,0.15901614913506723,2.0007741114457196,0.0,0.0,0.0,0.0
p263_V,0.853317203397847,0.03428575537492617,0.0,0.0,0.0,0.0
p264_SN,0.0024086535043268196,9.486199786425516,0.06904486166191057,0.22638644317149353,0.2265742411695343,0.17400184866764612
p264_T,0.9491681634087763,0.004076054412223003,0.0,0.0,0.0,0.0
p266_L,0.9780561436496509,0.0007587722376613335,0.0,0.0,0.0,0.0
p266_V,0.5844064034004177,0.3002910166492936,0.0,0.0,0.0,0.0
p270_S,0.4689452987798042,0.5267780813785797,0.0,0.0,0.0,0.0
p271_V,0.27566155800725994,1.1959074022346743,0.0,0.0,0.0,0.0
p273_W,0.7481800367948561,0.10339589751586248,0.0,0.0,0.0,0.0
p274_W,0.770181231210226,0.08561270338012646,0.0,0.0,0.0,0.0
p274_Y,0.4210854331298456,0.6503762270454689,0.0,0.0,0.0,0.0
p277_T,0.3773005752777463,0.7835029375132474,0.0,0.0,0.0,0.0
p278_N,0.12767837025429304,2.342939611641232,0.0,0.0,0.0,0.0
p281_S,0.837579354208275,0.042147960932241754,0.0,0.0,0.0,0.0
p281_T,0.9423380491213805,0.005247076876188774,0.0,0.0,0.0,0.0
p282_E,0.0811182351728321,3.078210967805544,0.0,0.0,0.0,0.0
p282_N,0.002902787065845849,9.125687120802203,0.061423047354464896,0.321409335420916,0.3213824492300487,0.2347382773351432
p282_T,0.001420296734450509,10.5157822634295,0.06495218816584258,0.11046055514846803,0.11046561717514938,0.09529278682982001
p286_L,0.8941161163026647,0.017767182035549743,0.0,0.0,0.0,0.0
p286_V,0.046693651904519816,4.01367396679523,0.06870471984602217,0.12093573321768175,0.12050018210922014,0.10338021172430802
p288_VN,0.10415956766790324,2.6686779243876084,0.0,0.0,0.0,0.0
p289_T,0.05315683063382426,3.790717559372553,0.01852911901360085,0.0,0.0,0.006176373004533616
p290_I,0.5070716007655365,0.4419424437595938,0.0,0.0,0.0,0.0
p290_L,0.3181785069204874,1.002193499263586,0.0,0.0,0.0,0.0
p290_V,0.7855208368703829,0.07428588362480992,0.0,0.0,0.0,0.0
p292_S,5.66764218085893e-17,86.70996778214015,1.0,1.0,1.0,1.0
p297_G,0.39308948617718587,0.7330226512269,0.0,0.0,0.0,0.0
p297_S,0.8153056692349705,0.0547294318983369,0.0,0.0,0.0,0.0
p297_T,0.1650594366742252,1.9436620649458882,0.0,0.0,0.0,0.0
p298_NP,0.008705471928750827,7.041662946102103,0.02753554012508419,0.14134823461645146,0.1413732091095276,0.10341899461702109
p298_S,0.2672538279270571,1.238762285228042,0.0,0.0,0.0,0.0
p299_N,0.010899418704110462,6.624010881266686,0.04458455982903577,0.08532627723788938,0.08532216598713716,0.0717443343513541
p299_S,0.01624121173025741,5.891332653396023,0.11753267219877565,0.46198904933452734,0.4619498337830157,0.3471571851054396
p300_L,0.036802123549530566,4.427852479703892,0.11391231506951213,0.05308657144456795,0.052514586390223425,0.07317115763476784
p300_NF,0.06394079147333623,3.4764854777920737,0.05024591014352438,0.3778295912264119,0.3779977817357609,0.2686910943685657
p300_V,0.33903998792552204,0.9191354975705738,0.0,0.0,0.0,0.0
p301_Y,0.011591900210298652,6.5101311923248,0.05024591014352438,0.3778295912264119,0.3779977817357609,0.2686910943685657
p303_P,0.004835758483259362,8.148848621182443,0.05024591014352438,0.3778295912264119,0.3779977817357609,0.2686910943685657
p304_L,0.26619358744629895,1.2442866526026983,0.0,0.0,0.0,0.0
p304_M,0.1687256601821607,1.910175468103108,0.0,0.0,0.0,0.0
p304_N,0.004835758483259437,8.14884862118242,0.05024591014352438,0.3778295912264119,0.3779977817357609,0.2686910943685657
p304_V,0.780395919345825,0.0779737186626865,0.0,0.0,0.0,0.0
p305_N,0.004835758483259437,8.14884862118242,0.05024591014352438,0.3778295912264119,0.3779977817357609,0.2686910943685657
p306_Y,0.004835758483259362,8.148848621182443,0.05024591014352438,0.3778295912264119,0.3779977817357609,0.2686910943685657
p307_N,0.004835758483259437,8.14884862118242,0.05024591014352438,0.3778295912264119,0.3779977817357609,0.2686910943685657
p307_V,0.023045623731974132,5.258304187885385,0.08753083378175118,0.057204037713989374,0.05759192448988715,0.06744226532854257
p308_L,0.031096044184097737,4.724432611685365,0.07792686639302959,0.044088850628845926,0.04416973195931672,0.055395149660397415
p308_M,0.3156495580812461,1.0127535947270137,0.0,0.0,0.0,0.0
p308_N,0.007135856299434278,7.41378550405542,0.05024591014352438,0.3778295912264119,0.3779977817357609,0.2686910943685657
p309_M,0.0019300657885403718,9.91637333875006,0.17287703183294384,0.15284196611241976,0.15286678393562825,0.15952859396033062
p309_N,0.007135856299434278,7.41378550405542,0.05024591014352438,0.3778295912264119,0.3779977817357609,0.2686910943685657
p311_N,0.007135856299434278,7.41378550405542,0.05024591014352438,0.3778295912264119,0.3779977817357609,0.2686910943685657
p312_Q,0.007135856299434278,7.41378550405542,0.05024591014352438,0.3778295912264119,0.3779977817357609,0.2686910943685657
p313_N,0.007135856299434278,7.41378550405542,0.05024591014352438,0.3778295912264119,0.3779977817357609,0.2686910943685657
p314_R,0.007135856299434278,7.41378550405542,0.05024591014352438,0.3778295912264119,0.3779977817357609,0.2686910943685657
p315_N,0.32085811900981953,0.9911245208969384,0.0,0.0,0.0,0.0
p315_Q,0.7312828255706817,0.11831878544036378,0.0,0.0,0.0,0.0
p316_N,0.007135856299434278,7.41378550405542,0.05024591014352438,0.3778295912264119,0.3779977817357609,0.2686910943685657
p317_N,0.007135856299434278,7.41378550405542,0.05024591014352438,0.3778295912264119,0.3779977817357609,0.2686910943685657
p318_L,0.9816379657644743,0.0005312439401365879,0.0,0.0,0.0,0.0
p318_N,0.00043724442071770676,12.856800320892772,0.05024591014352438,0.3778295912264119,0.3779977817357609,0.2686910943685657
p318_V,0.29930117488802116,1.0838024627639884,0.0,0.0,0.0,0.0
p319_T,0.0016643398639405753,10.205332938765746,0.05024591014352438,0.3778295912264119,0.3779977817357609,0.2686910943685657
p320_T,0.0016643398639405753,10.205332938765746,0.05024591014352438,0.3778295912264119,0.3779977817357609,0.2686910943685657
p321_L,0.1489400578373278,2.101760683814198,0.0,0.0,0.0,0.0
p321_N,0.16168605067569738,1.9752398449231636,0.0,0.0,0.0,0.0
p322_F,0.005041646357287075,8.069665998510358,0.04246061583603766,0.4959172288191999,0.4961122469861601,0.34483003054713257
p322_N,0.16168605067569738,1.9752398449231636,0.0,0.0,0.0,0.0
p323_N,0.16168605067569738,1.9752398449231636,0.0,0.0,0.0,0.0
p324_N,0.16168605067569738,1.9752398449231636,0.0,0.0,0.0,0.0
p325_N,0.16168605067569738,1.9752398449231636,0.0,0.0,0.0,0.0
p327_P,0.16168605067569383,1.9752398449231665,0.0,0.0,0.0,0.0
p328_L,0.1595069576508661,1.9960433919472003,0.0,0.0,0.0,0.0
p328_N,0.036574377096233276,4.438731130770712,0.04855866942038985,0.11127856230255784,0.11126335223224147,0.09036686131839639
p329_G,0.2884382475000925,1.133856073755387,0.0,0.0,0.0,0.0
p329_N,0.036574377096233276,4.438731130770712,0.04855866942038985,0.11127856230255784,0.11126335223224147,0.09036686131839639
p330_N,0.0839339006726319,3.021751283090925,0.0,0.0,0.0,0.0
p331_E,0.3273465055696416,0.9648225229197928,0.0,0.0,0.0,0.0
p331_N,0.04684409712159095,4.00811869220193,0.04855866942038985,0.11127856230255784,0.11126335223224147,0.09036686131839639
p332_E,0.24305946050136856,1.3721159294131384,0.0,0.0,0.0,0.0
p332_N,0.036574377096233276,4.438731130770712,0.04855866942038985,0.11127856230255784,0.11126335223224147,0.09036686131839639
p333_E,0.1251416539234261,2.3747097347686714,0.0,0.0,0.0,0.0
p333_N,0.036574377096233276,4.438731130770712,0.04855866942038985,0.11127856230255784,0.11126335223224147,0.09036686131839639
p334_EAT,0.6309205964460695,0.2316373479111693,0.0,0.0,0.0,0.0
p334_G,0.5810017892936852,0.3057693381393307,0.0,0.0,0.0,0.0
p334_N,0.7908015180211639,0.07058620051785754,0.0,0.0,0.0,0.0
p335_N,0.6517613676095507,0.20439682265197823,0.0,0.0,0.0,0.0
p336_S,0.5616079390487247,0.3382330434585033,0.0,0.0,0.0,0.0
p337_N,0.6075252230637043,0.2647602455489765,0.0,0.0,0.0,0.0
p337_S,0.1740290859781163,1.8631946368554857,0.0,0.0,0.0,0.0
p337_T,0.6969936087653168,0.15212396401107012,0.0,0.0,0.0,0.0
p338_T,0.9571969104230156,0.0028889887476938494,0.0,0.0,0.0,0.0
p340_N,0.300790220292533,1.0771240794865884,0.0,0.0,0.0,0.0
p340_S,0.10440343880250244,2.664894709431015,0.0,0.0,0.0,0.0
p340_V,0.29930117488802116,1.0838024627639884,0.0,0.0,0.0,0.0
p341_S,0.7902652743582242,0.07095727645776043,0.0,0.0,0.0,0.0
p341_T,0.3811202572823231,0.7710176864409612,0.0,0.0,0.0,0.0
p342_N,0.6957005197577717,0.15349414650777393,0.0,0.0,0.0,0.0
p343_T,0.6957005197577717,0.15349414650777402,0.0,0.0,0.0,0.0
p344_N,0.9952212886865024,3.597508964073673e-05,0.0,0.0,0.0,0.0
p344_R,0.18500700955837582,1.7710216513516417,0.0,0.0,0.0,0.0
p345_N,0.41339324249682396,0.6722592371300578,0.0,0.0,0.0,0.0
p345_QVT,0.9367579038111036,0.006314027988690293,0.0,0.0,0.0,0.0
p346_S,0.7851015095370426,0.0745840180990563,0.0,0.0,0.0,0.0
p347_N,0.39386310145110637,0.7306241477135061,0.0,0.0,0.0,0.0
p347_S,0.16460861961833287,1.9478388857259212,0.0,0.0,0.0,0.0
p348_N,0.17290763133392198,1.8729896695960135,0.0,0.0,0.0,0.0
p348_V,0.03405948627398822,4.563847918492546,0.07812595819606823,0.10833649237639816,0.10833258716097477,0.09826501257781373
p349_S,0.09893860608326768,2.7521004086524807,0.0,0.0,0.0,0.0
p350_S,0.009209767516450912,6.936713645882819,0.1295801849711255,0.2235817258350481,0.22354135356405094,0.19223442145674152
p350_T,0.13356236552079462,2.2718980465883822,0.0,0.0,0.0,0.0
p351_S,0.9952212886865024,3.597508964073673e-05,0.0,0.0,0.0,0.0
p352_Q,0.7748318663733044,0.08208685278997511,0.0,0.0,0.0,0.0
p352_S,0.8335726779638906,0.0442845875427061,0.0,0.0,0.0,0.0
p353_V,0.9952212886865024,3.597508964073673e-05,0.0,0.0,0.0,0.0
p354_N,0.9952212886865024,3.597508964073673e-05,0.0,0.0,0.0,0.0
p354_S,0.9570398616767198,0.0029102483423141894,0.0,0.0,0.0,0.0
p355_P,0.9952212886865024,3.597508964073203e-05,0.0,0.0,0.0,0.0
p356_N,0.9952212886865024,3.59750896407291e-05,0.0,0.0,0.0,0.0
