feature,p_value,score,gbc,rf,xgb,mean
p403_TN,3.3663014801671233e-100,451.52077996783646,0.011287941801265472,0.0349827609772609,0.0047851894,0.01701863072787001
p426_T,0.0,4161.890326198541,0.13405607573394157,0.743016677232187,0.011318261,0.2961303379233158
p670_T,0.0,1476.162340295849,0.13405607573394157,0.743016677232187,0.011318261,0.2961303379233158
p671_N,0.0,3893.3083740404554,0.13405607573394157,0.743016677232187,0.011318261,0.2961303379233158
p672_N,0.0,3928.117539223278,0.13405607573394157,0.743016677232187,0.011318261,0.2961303379233158
p673_N,0.0,3935.4724195427043,0.13405607573394157,0.743016677232187,0.011318261,0.2961303379233158
p674_N,0.0,3931.653840170341,0.13405607573394157,0.743016677232187,0.011318261,0.2961303379233158
p675_N,0.0,3927.3756193404033,0.13405607573394157,0.743016677232187,0.011318261,0.2961303379233158
p676_N,0.0,3920.778014524477,0.13405607573394157,0.743016677232187,0.011318261,0.2961303379233158
p677_T,0.0,1505.6954260341586,0.13405607573394157,0.743016677232187,0.011318261,0.2961303379233158
p678_N,0.0,3911.7365114290687,0.13405607573394157,0.743016677232187,0.011318261,0.2961303379233158
p1966_T,0.0,3405.4075596682974,0.024336521383555455,0.36440615435155865,0.020198205,0.1363136270736847
p1981_T,0.0,2544.1028503889556,0.13405607573394157,0.743016677232187,0.011318261,0.2961303379233158
p2031_N,7.588730521613091e-143,647.5581399766909,0.13405607573394157,0.743016677232187,0.011318261,0.2961303379233158
p2032_N,2.1407854820454814e-144,654.683383390458,0.13405607573394157,0.743016677232187,0.011318261,0.2961303379233158
p2033_N,1.9704359741941338e-144,654.8489672358617,0.13405607573394157,0.743016677232187,0.011318261,0.2961303379233158
p2034_T,0.0,2807.829522615484,0.13405607573394157,0.743016677232187,0.011318261,0.2961303379233158
p2035_N,2.7138163458963307e-142,645.013511876727,0.13405607573394157,0.743016677232187,0.011318261,0.2961303379233158
p2489_T,0.0,3326.50904726943,0.024336521383555455,0.36440615435155865,0.020198205,0.1363136270736847
p3427_G,0.0,7487.074471807997,1.0,1.0,1.0,1.0
p3427_N,0.0,3464.839343154651,0.024336521383555455,0.36440615435155865,0.020198205,0.1363136270736847
p3431_T,1.8800120466648626e-221,1009.1096712625287,0.024336521383555455,0.36440615435155865,0.020198205,0.1363136270736847
p3432_N,0.0,3399.0945464487486,0.024336521383555455,0.36440615435155865,0.020198205,0.1363136270736847
p3436_T,2.632075079187394e-218,994.6355905760054,0.024336521383555455,0.36440615435155865,0.020198205,0.1363136270736847
p3437_T,0.0,3844.5334971847033,0.13405607573394157,0.743016677232187,0.011318261,0.2961303379233158
p3438_T,0.0,3862.7444161456538,0.13405607573394157,0.743016677232187,0.011318261,0.2961303379233158
p3439_N,0.0,1506.064706915849,0.13405607573394157,0.743016677232187,0.011318261,0.2961303379233158
p3440_T,3.0669132463973866e-215,980.5285377927321,0.024336521383555455,0.36440615435155865,0.020198205,0.1363136270736847
p3444_T,2.545896218116331e-215,980.9005369719337,0.024336521383555455,0.36440615435155865,0.020198205,0.1363136270736847
p4786_N,0.0,3391.28559146649,0.024336521383555455,0.36440615435155865,0.020198205,0.1363136270736847
p4787_T,1.1725736419859585e-220,1005.452279176988,0.024336521383555455,0.36440615435155865,0.020198205,0.1363136270736847
p4788_T,5.994825218157418e-221,1006.7927284928901,0.024336521383555455,0.36440615435155865,0.020198205,0.1363136270736847
p4804_T,0.0,1517.3805482505936,0.13405607573394157,0.743016677232187,0.011318261,0.2961303379233158
p4818_N,0.0,3806.3192208581286,0.13405607573394157,0.743016677232187,0.011318261,0.2961303379233158
p4831_N,5.5988626149159134e-133,602.1870494248474,0.024336521383555455,0.36440615435155865,0.020198205,0.1363136270736847
p4832_N,9.107536488737341e-133,601.2155810711288,0.024336521383555455,0.36440615435155865,0.020198205,0.1363136270736847
p4833_N,9.107536488737341e-133,601.2155810711288,0.024336521383555455,0.36440615435155865,0.020198205,0.1363136270736847
p4834_N,2.1129236277715046e-133,604.1328158342328,0.024336521383555455,0.36440615435155865,0.020198205,0.1363136270736847
p4835_N,7.141277839223997e-133,601.7011973896565,0.024336521383555455,0.36440615435155865,0.020198205,0.1363136270736847
p4836_N,9.107536488737341e-133,601.2155810711288,0.024336521383555455,0.36440615435155865,0.020198205,0.1363136270736847
p4846_N,7.141277839223997e-133,601.7011973896565,0.024336521383555455,0.36440615435155865,0.020198205,0.1363136270736847
p4847_N,2.1129236277715046e-133,604.1328158342328,0.024336521383555455,0.36440615435155865,0.020198205,0.1363136270736847
p4848_N,0.0,5407.1609785388655,1.0,1.0,1.0,1.0
p5288_T,0.2145076487129839,1.5407402859701982,0.0004110412186238153,0.008710052629020639,0.0011146142,0.0034119026797031784
p5289_N,2.4775112896932825e-07,26.619341103469687,0.0004110412186238153,0.008710052629020639,0.0011146142,0.0034119026797031784
p5290_N,1.088667957308188e-06,23.764593287419785,0.0004110412186238153,0.008710052629020639,0.0011146142,0.0034119026797031784
p5291_T,0.21085205438261398,1.5655663692866209,0.0004110412186238153,0.008710052629020639,0.0011146142,0.0034119026797031784
p5292_N,1.914195463527674e-08,31.579706575142055,0.0004110412186238153,0.008710052629020639,0.0011146142,0.0034119026797031784
p5611_N,1.2590599680276685e-09,36.875691362588285,0.0004110412186238153,0.008710052629020639,0.0011146142,0.0034119026797031784
p5617_T,0.13898002983925184,2.189216123112999,0.0004110412186238153,0.008710052629020639,0.0011146142,0.0034119026797031784
p5618_N,1.041014596616703e-09,37.24650376571901,0.0004110412186238153,0.008710052629020639,0.0011146142,0.0034119026797031784
p5619_N,4.669423731555299e-10,38.81077854561234,0.0004110412186238153,0.008710052629020639,0.0011146142,0.0034119026797031784
p5620_N,9.520841290308128e-11,41.9174654108663,0.0004110412186238153,0.008710052629020639,0.0011146142,0.0034119026797031784
p5621_N,8.457583489932625e-10,37.651633213344425,0.0004110412186238153,0.008710052629020639,0.0011146142,0.0034119026797031784
p5622_N,2.921511706251971e-11,44.22880066012339,0.0004110412186238153,0.008710052629020639,0.0011146142,0.0034119026797031784
p5623_T,0.11652076648474488,2.463474690546888,0.0004110412186238153,0.008710052629020639,0.0011146142,0.0034119026797031784
p5624_T,0.114655176237021,2.4888540997206894,0.0004110412186238153,0.008710052629020639,0.0011146142,0.0034119026797031784
p5625_N,1.161410005751596e-10,41.52890428212645,0.0004110412186238153,0.008710052629020639,0.0011146142,0.0034119026797031784
p5626_T,0.11838212122536455,2.4385962593818595,0.0004110412186238153,0.008710052629020639,0.0011146142,0.0034119026797031784
p5631_T,0.12427662688508292,2.3625784299905748,0.0004110412186238153,0.008710052629020639,0.0011146142,0.0034119026797031784
p5632_N,1.58950245795215e-10,40.91556370387802,0.0004110412186238153,0.008710052629020639,0.0011146142,0.0034119026797031784
p5633_T,0.12222985252878671,2.3885129108768517,0.0004110412186238153,0.008710052629020639,0.0011146142,0.0034119026797031784
p5634_N,1.4969740649425213e-10,41.03277864253632,0.0004110412186238153,0.008710052629020639,0.0011146142,0.0034119026797031784
p5635_T,0.11654790782769353,2.463108778932936,0.0004110412186238153,0.008710052629020639,0.0011146142,0.0034119026797031784
p5636_N,3.2783119260537747e-10,39.50135901726599,0.0004110412186238153,0.008710052629020639,0.0011146142,0.0034119026797031784
p5637_N,1.8799719982295632e-10,40.5875865723647,0.0004110412186238153,0.008710052629020639,0.0011146142,0.0034119026797031784
p5638_N,1.8799719982295632e-10,40.5875865723647,0.0004110412186238153,0.008710052629020639,0.0011146142,0.0034119026797031784
p5639_T,0.0936229404951563,2.810949625567252,0.0004110412186238153,0.008710052629020639,0.0011146142,0.0034119026797031784
p5640_T,0.0905253522400131,2.865006354892787,0.0004110412186238153,0.008710052629020639,0.0011146142,0.0034119026797031784
p5641_N,7.318212043388265e-12,46.94030473228817,0.0004110412186238153,0.008710052629020639,0.0011146142,0.0034119026797031784
p5642_T,0.11063357581451076,2.5451475409129047,0.0004110412186238153,0.008710052629020639,0.0011146142,0.0034119026797031784
p5643_N,2.0766577097433418e-11,44.89709462985259,0.0004110412186238153,0.008710052629020639,0.0011146142,0.0034119026797031784
p5645_T,0.043677285805906525,4.0689937517789385,0.0004110412186238153,0.008710052629020639,0.0011146142,0.0034119026797031784
p5646_N,3.728527746218643e-18,75.46017026012362,0.0004110412186238153,0.008710052629020639,0.0011146142,0.0034119026797031784
p5647_N,5.954349225565904e-18,74.53596785441076,0.0004110412186238153,0.008710052629020639,0.0011146142,0.0034119026797031784
p5650_N,3.5901577256281806e-17,70.99013371030577,0.0004110412186238153,0.008710052629020639,0.0011146142,0.0034119026797031784
p5651_T,0.04817178369213727,3.903982694279714,0.0004110412186238153,0.008710052629020639,0.0011146142,0.0034119026797031784
p5654_N,4.191909699733438e-17,70.68441492326804,0.0004110412186238153,0.008710052629020639,0.0011146142,0.0034119026797031784
p5655_N,2.938245163675971e-17,71.38549325566599,0.0004110412186238153,0.008710052629020639,0.0011146142,0.0034119026797031784
p5656_N,5.967418310315668e-17,69.98774048200933,0.0004110412186238153,0.008710052629020639,0.0011146142,0.0034119026797031784
p5658_N,4.894543905399191e-17,70.37870492005055,0.0004110412186238153,0.008710052629020639,0.0011146142,0.0034119026797031784
p5661_T,0.04820207127234984,3.902926598083699,0.0004110412186238153,0.008710052629020639,0.0011146142,0.0034119026797031784
p5662_T,0.04457423734763662,4.034675860197228,0.0004110412186238153,0.008710052629020639,0.0011146142,0.0034119026797031784
p5663_T,0.05298265142984036,3.744466094473907,0.0004110412186238153,0.008710052629020639,0.0011146142,0.0034119026797031784
p5664_T,0.05931675349964127,3.5563859407259066,0.0004110412186238153,0.008710052629020639,0.0011146142,0.0034119026797031784
p5665_N,3.965492537736672e-17,70.79395999413104,0.0004110412186238153,0.008710052629020639,0.0011146142,0.0034119026797031784
p5666_T,0.05613555384531714,3.648030561237448,0.0004110412186238153,0.008710052629020639,0.0011146142,0.0034119026797031784
p5667_N,3.248710790738003e-17,71.187308906093,0.0004110412186238153,0.008710052629020639,0.0011146142,0.0034119026797031784
p5668_T,0.0520096441892334,3.775458523449876,0.0004110412186238153,0.008710052629020639,0.0011146142,0.0034119026797031784
p5669_T,0.05302775096218057,3.7430442182943073,0.0004110412186238153,0.008710052629020639,0.0011146142,0.0034119026797031784
p5670_N,1.0978790204180385e-17,73.3282029721935,0.0004110412186238153,0.008710052629020639,0.0011146142,0.0034119026797031784
p5671_N,1.2819072073999984e-17,73.02233809539362,0.0004110412186238153,0.008710052629020639,0.0011146142,0.0034119026797031784
p5672_N,5.36504854478606e-18,74.74171363413271,0.0004110412186238153,0.008710052629020639,0.0011146142,0.0034119026797031784
p5673_N,6.265146041838879e-18,74.43552241275268,0.0004110412186238153,0.008710052629020639,0.0011146142,0.0034119026797031784
p5682_N,2.398089514626204e-16,67.24474673170269,0.0004110412186238153,0.008710052629020639,0.0011146142,0.0034119026797031784
p5683_N,3.377136387162171e-16,66.56984131550166,0.0004110412186238153,0.008710052629020639,0.0011146142,0.0034119026797031784
p5684_N,4.067526007554909e-16,66.20319549166751,0.0004110412186238153,0.008710052629020639,0.0011146142,0.0034119026797031784
p5685_N,4.749965211483224e-15,61.361550403105056,0.0004110412186238153,0.008710052629020639,0.0011146142,0.0034119026797031784
p5686_T,0.06886771375707419,3.3098038023338114,0.0004110412186238153,0.008710052629020639,0.0011146142,0.0034119026797031784
p5687_N,2.1127093491892045e-15,62.95698082467954,0.0004110412186238153,0.008710052629020639,0.0011146142,0.0034119026797031784
p5688_N,3.377136387162171e-16,66.56984131550166,0.0004110412186238153,0.008710052629020639,0.0011146142,0.0034119026797031784
p5689_N,1.4284591984072778e-17,72.80869790499543,0.0004110412186238153,0.008710052629020639,0.0011146142,0.0034119026797031784
p5690_N,2.908993018869155e-17,71.40523507563452,0.0004110412186238153,0.008710052629020639,0.0011146142,0.0034119026797031784
p5691_N,4.629957697607645e-17,70.48833647559564,0.0004110412186238153,0.008710052629020639,0.0011146142,0.0034119026797031784
p5692_N,4.191909699733438e-17,70.68441492326804,0.0004110412186238153,0.008710052629020639,0.0011146142,0.0034119026797031784
p5693_N,1.227981131108976e-17,73.10716197454553,0.0004110412186238153,0.008710052629020639,0.0011146142,0.0034119026797031784
p5694_T,0.04632921925015216,3.9695839087127434,0.0004110412186238153,0.008710052629020639,0.0011146142,0.0034119026797031784
p5695_T,0.045458795561329306,4.001536859082927,0.0004110412186238153,0.008710052629020639,0.0011146142,0.0034119026797031784
p5696_N,8.12105997295637e-18,73.92333485267342,0.0004110412186238153,0.008710052629020639,0.0011146142,0.0034119026797031784
p5697_N,7.709922845335505e-18,74.02588869476493,0.0004110412186238153,0.008710052629020639,0.0011146142,0.0034119026797031784
p5698_N,1.580435949500736e-17,72.60916274925484,0.0004110412186238153,0.008710052629020639,0.0011146142,0.0034119026797031784
p5699_N,7.316293623830431e-18,74.12933623593102,0.0004110412186238153,0.008710052629020639,0.0011146142,0.0034119026797031784
p5700_N,3.2117898135350214e-17,71.20986026083403,0.0004110412186238153,0.008710052629020639,0.0011146142,0.0034119026797031784
p5701_T,0.05723338396687982,3.6157943368060206,0.0004110412186238153,0.008710052629020639,0.0011146142,0.0034119026797031784
p5746_NTA,1.2137705170087509e-32,141.55979070379814,0.0004110412186238153,0.008710052629020639,0.0011146142,0.0034119026797031784
p5753_T,0.07046545748397062,3.2721444241500244,0.0004110412186238153,0.008710052629020639,0.0011146142,0.0034119026797031784
p5755_N,1.8953937074799124e-13,54.1103590683298,0.0004110412186238153,0.008710052629020639,0.0011146142,0.0034119026797031784
p5756_N,8.305614215945023e-13,51.208548722531944,0.0004110412186238153,0.008710052629020639,0.0011146142,0.0034119026797031784
p5757_T,0.08703404324149484,2.9283937915814056,0.0004110412186238153,0.008710052629020639,0.0011146142,0.0034119026797031784
p5758_T,0.0900321644739262,2.873798199741654,0.0004110412186238153,0.008710052629020639,0.0011146142,0.0034119026797031784
p5759_N,5.373349621126239e-12,47.54580958956505,0.0004110412186238153,0.008710052629020639,0.0011146142,0.0034119026797031784
p5760_N,4.477742989311371e-06,21.048624002488552,0.0004110412186238153,0.008710052629020639,0.0011146142,0.0034119026797031784
p5761_N,4.098046558337165e-06,21.218431161736827,0.0004110412186238153,0.008710052629020639,0.0011146142,0.0034119026797031784
p5762_T,0.22882623904811988,1.4481424940069576,0.0004110412186238153,0.008710052629020639,0.0011146142,0.0034119026797031784
p5763_N,1.2767122842079477e-06,23.45799222821816,0.0004110412186238153,0.008710052629020639,0.0011146142,0.0034119026797031784
p5764_T,0.2689258495646693,1.2222177849852915,0.0,0.0,0.0,0.0
p5765_N,2.0646667460450725e-06,22.53390923044829,0.0004110412186238153,0.008710052629020639,0.0011146142,0.0034119026797031784
p5766_N,1.2274135838630678e-06,23.533755206211566,0.0004110412186238153,0.008710052629020639,0.0011146142,0.0034119026797031784
p5767_N,2.873258655059786e-06,21.899385839765046,0.0004110412186238153,0.008710052629020639,0.0011146142,0.0034119026797031784
p5768_N,1.347138059946521e-05,18.942556952815146,0.0004110412186238153,0.008710052629020639,0.0011146142,0.0034119026797031784
p5769_N,3.6456835984967663e-06,21.442662932745602,0.0004110412186238153,0.008710052629020639,0.0011146142,0.0034119026797031784
p5770_N,5.159870517902325e-07,25.203118166819927,0.0004110412186238153,0.008710052629020639,0.0011146142,0.0034119026797031784
p5771_N,1.2676574016328282e-06,23.47168544970303,0.0004110412186238153,0.008710052629020639,0.0011146142,0.0034119026797031784
p5772_N,1.8797207420069802e-06,22.714216000311882,0.0004110412186238153,0.008710052629020639,0.0011146142,0.0034119026797031784
p5773_N,7.784289766401241e-06,19.990130852455952,0.0004110412186238153,0.008710052629020639,0.0011146142,0.0034119026797031784
p5774_N,5.186306390855081e-06,20.76722211100337,0.0004110412186238153,0.008710052629020639,0.0011146142,0.0034119026797031784
p5775_N,3.9777154217221566e-06,21.275556199934506,0.0004110412186238153,0.008710052629020639,0.0011146142,0.0034119026797031784
p5776_T,0.2650853746940012,1.2420030057491358,0.0,0.0,0.0,0.0
p5777_N,6.511814000755296e-06,20.33154429969536,0.0004110412186238153,0.008710052629020639,0.0011146142,0.0034119026797031784
p5778_T,0.2838801186602219,1.1484201176308653,0.0,0.0,0.0,0.0
p5779_N,7.308442132977969e-06,20.110758171047443,0.0004110412186238153,0.008710052629020639,0.0011146142,0.0034119026797031784
p5780_T,0.28381251333757607,1.148742642334657,0.0,0.0,0.0,0.0
p5781_N,1.6438397099110285e-05,18.56295777674194,0.0004110412186238153,0.008710052629020639,0.0011146142,0.0034119026797031784
p5782_N,1.839027140470814e-05,18.349132364800333,0.0004110412186238153,0.008710052629020639,0.0011146142,0.0034119026797031784
p5783_N,7.683121958109613e-05,15.634711287517064,0.0004110412186238153,0.008710052629020639,0.0011146142,0.0034119026797031784
p5784_N,6.346159422103415e-05,15.996443312862773,0.0004110412186238153,0.008710052629020639,0.0011146142,0.0034119026797031784
p5785_N,0.00012280206718561418,14.749162406151395,0.0004110412186238153,0.008710052629020639,0.0011146142,0.0034119026797031784
p5786_T,0.31892071728222615,0.9933675052636142,0.0,0.0,0.0,0.0
p5787_T,0.31899628291241977,0.9930573289384053,0.0,0.0,0.0,0.0
p5788_N,2.1170386032339316e-05,18.080996372450645,0.0004110412186238153,0.008710052629020639,0.0011146142,0.0034119026797031784
p5789_T,0.28469277858358294,1.1445507601229024,0.0,0.0,0.0,0.0
p5790_N,0.0015534142265618191,10.014157935961059,0.0004110412186238153,0.008710052629020639,0.0011146142,0.0034119026797031784
p5791_N,0.052010988469120355,3.7754152831248176,0.0004110412186238153,0.008710052629020639,0.0011146142,0.0034119026797031784
p5792_N,0.22925417833534006,1.4454826909936604,0.0004110412186238153,0.008710052629020639,0.0011146142,0.0034119026797031784
p5793_T,0.7189916638535745,0.12946088886427037,0.0,0.0,0.0,0.0
p5794_T,0.7013029735896519,0.14711994814539386,0.0,0.0,0.0,0.0
p5795_T,0.7508726845885736,0.10079918160635702,0.0,0.0,0.0,0.0
p5916_N,0.14425789622257512,2.1319419192155804,0.0004110412186238153,0.008710052629020639,0.0011146142,0.0034119026797031784
p5917_N,0.2809111437236703,1.1626765242592807,0.0,0.0,0.0,0.0
p5919_N,0.29299859739465367,1.105791585701664,0.0,0.0,0.0,0.0
p5920_N,0.23894474045391498,1.3868088975933994,0.0004110412186238153,0.008710052629020639,0.0011146142,0.0034119026797031784
p5921_T,0.9299241022283048,0.0077335016013244835,0.0,0.0,0.0,0.0
p5922_N,0.07631891969396212,3.1415997014308945,0.0004110412186238153,0.008710052629020639,0.0011146142,0.0034119026797031784
p5923_N,0.00044638236873011984,12.327296750990932,0.0004110412186238153,0.008710052629020639,0.0011146142,0.0034119026797031784
p6053_G,0.0,6564.519491878392,1.0,1.0,1.0,1.0
p6356_G,4.188899069176181e-53,235.2883377957309,0.02118235985158613,0.147358777152799,0.024588266,0.06437646779732231
p6662_T,2.3876789703547524e-165,751.0367457203241,0.024336521383555455,0.36440615435155865,0.020198205,0.1363136270736847
p6663_T,0.0,7196.664536987244,1.0,1.0,1.0,1.0
p6668_T,0.0,6119.449042688393,1.0,1.0,1.0,1.0
p6677_T,0.0,7257.3471329833255,1.0,1.0,1.0,1.0
p6679_G,0.0,4124.479327463823,0.13405607573394157,0.743016677232187,0.011318261,0.2961303379233158
p6767_G,0.0,1445.4570546982081,0.13405607573394157,0.743016677232187,0.011318261,0.2961303379233158
p6778_C,0.0,3945.7043295936996,0.13405607573394157,0.743016677232187,0.011318261,0.2961303379233158
p6778_N,1.5398167851130158e-190,866.9002014379521,0.02601308607556877,0.06726353545258605,0.011731315,0.035002645644110514
p6779_N,1.233933943402976e-174,793.74833661172,0.02601308607556877,0.06726353545258605,0.011731315,0.035002645644110514
p6780_N,9.719770735174182e-176,798.8244089164242,0.02601308607556877,0.06726353545258605,0.011731315,0.035002645644110514
p6781_N,5.746933699018146e-177,804.4735408329689,0.02601308607556877,0.06726353545258605,0.011731315,0.035002645644110514
p6782_N,7.516504016659585e-178,808.536815907634,0.02601308607556877,0.06726353545258605,0.011731315,0.035002645644110514
p6783_T,7.47074175143171e-14,55.94024719362228,0.02601308607556877,0.06726353545258605,0.011731315,0.035002645644110514
p6784_N,1.1206463049136297e-185,844.5359420585282,0.02601308607556877,0.06726353545258605,0.011731315,0.035002645644110514
p6784_T,7.100663933438153e-198,900.646410301503,6.764088070287326e-05,0.058185059371789735,0.0029898535,0.020414184583983284
p6785_N,1.457247580893202e-183,834.8118674468442,0.02601308607556877,0.06726353545258605,0.011731315,0.035002645644110514
p6786_N,6.879746470514611e-172,781.117248126769,0.02601308607556877,0.06726353545258605,0.011731315,0.035002645644110514
p6787_T,5.191995815368715e-13,52.13095563174418,0.02601308607556877,0.06726353545258605,0.011731315,0.035002645644110514
p6788_N,8.85269447714628e-174,789.8122663486017,0.02601308607556877,0.06726353545258605,0.011731315,0.035002645644110514
p6789_N,5.667766263695381e-174,790.7029956259028,0.02601308607556877,0.06726353545258605,0.011731315,0.035002645644110514
p6790_N,3.1099924366184693e-198,902.2957207554491,0.02601308607556877,0.06726353545258605,0.011731315,0.035002645644110514
p6791_N,6.419897282632564e-200,910.0479612719836,0.02601308607556877,0.06726353545258605,0.011731315,0.035002645644110514
p6792_N,6.710545899503416e-206,937.5607059551655,0.02601308607556877,0.06726353545258605,0.011731315,0.035002645644110514
p7077_N,3.368244341075509e-208,948.1384283206505,0.02601308607556877,0.06726353545258605,0.011731315,0.035002645644110514
p7078_N,2.4839143645054152e-210,957.9476095097323,0.02601308607556877,0.06726353545258605,0.011731315,0.035002645644110514
p7079_N,3.4634433262701857e-212,966.4842411499565,0.02601308607556877,0.06726353545258605,0.011731315,0.035002645644110514
p7080_N,7.063468118835738e-214,974.2612376893003,0.02601308607556877,0.06726353545258605,0.011731315,0.035002645644110514
p7081_N,6.987402842939484e-221,1006.486607392597,0.02601308607556877,0.06726353545258605,0.011731315,0.035002645644110514
p7082_N,6.449135733203806e-222,1011.2473935495002,0.02601308607556877,0.06726353545258605,0.011731315,0.035002645644110514
p7083_T,5.424360813592638e-20,83.81818277408459,0.02601308607556877,0.06726353545258605,0.011731315,0.035002645644110514
p7084_N,8.410818994965485e-227,1033.720162323544,0.02601308607556877,0.06726353545258605,0.011731315,0.035002645644110514
p7085_N,1.4024562189997408e-226,1032.698566415064,0.02601308607556877,0.06726353545258605,0.011731315,0.035002645644110514
p7086_N,5.044118867559291e-227,1034.7417681692586,0.02601308607556877,0.06726353545258605,0.011731315,0.035002645644110514
p7087_N,1.0879645584172215e-227,1037.806645077384,0.02601308607556877,0.06726353545258605,0.011731315,0.035002645644110514
p7088_N,5.044118867559291e-227,1034.7417681692586,0.02601308607556877,0.06726353545258605,0.011731315,0.035002645644110514
p7089_N,1.6745298588639072e-246,1124.3624718483102,0.02601308607556877,0.06726353545258605,0.011731315,0.035002645644110514
p7089_T,0.0,6429.360528884186,1.0,1.0,1.0,1.0
p7090_N,2.1445713813664496e-227,1036.4506877086446,0.02601308607556877,0.06726353545258605,0.011731315,0.035002645644110514
p7280_T,3.670052528405123e-20,84.59060370222531,0.02601308607556877,0.06726353545258605,0.011731315,0.035002645644110514
p7281_T,3.1173372381553475e-20,84.91333430557341,0.02601308607556877,0.06726353545258605,0.011731315,0.035002645644110514
p7282_N,7.711277287061285e-228,1038.4944035147678,0.02601308607556877,0.06726353545258605,0.011731315,0.035002645644110514
p7283_N,2.3385054404284793e-226,1031.6769804691903,0.02601308607556877,0.06726353545258605,0.011731315,0.035002645644110514
p7284_T,3.3554346071804446e-20,84.7678071393753,0.02601308607556877,0.06726353545258605,0.011731315,0.035002645644110514
p7285_N,2.5289377191274577e-227,1036.1212857049682,0.02601308607556877,0.06726353545258605,0.011731315,0.035002645644110514
p7286_N,1.1732383380945905e-226,1033.0551366712482,0.02601308607556877,0.06726353545258605,0.011731315,0.035002645644110514
p7287_T,2.958668946286063e-19,80.4652200343887,0.02601308607556877,0.06726353545258605,0.011731315,0.035002645644110514
p7288_T,3.2027489750564265e-19,80.30858284604881,0.02601308607556877,0.06726353545258605,0.011731315,0.035002645644110514
p7289_N,2.6533706317736848e-229,1045.2268302410769,0.02601308607556877,0.06726353545258605,0.011731315,0.035002645644110514
p7290_T,3.2027489750564265e-19,80.30858284604881,0.02601308607556877,0.06726353545258605,0.011731315,0.035002645644110514
p7291_N,2.6533706317736848e-229,1045.2268302410769,0.02601308607556877,0.06726353545258605,0.011731315,0.035002645644110514
p7292_N,9.505356670863629e-230,1047.2779942065722,0.02601308607556877,0.06726353545258605,0.011731315,0.035002645644110514
p7293_T,7.044580009498088e-19,78.75120360792052,0.02601308607556877,0.06726353545258605,0.011731315,0.035002645644110514
p7294_T,5.975706935317355e-19,79.07629461883832,0.02601308607556877,0.06726353545258605,0.011731315,0.035002645644110514
p7295_N,1.8735416082415764e-226,1032.1199150083698,0.02601308607556877,0.06726353545258605,0.011731315,0.035002645644110514
p7296_T,8.843378034614331e-19,78.30196643111995,0.02601308607556877,0.06726353545258605,0.011731315,0.035002645644110514
p7372_N,1.2994080707603814e-225,1028.2503372006709,0.02601308607556877,0.06726353545258605,0.011731315,0.035002645644110514
p7373_N,2.1706237366540723e-225,1027.2251213512513,0.02601308607556877,0.06726353545258605,0.011731315,0.035002645644110514
p7374_N,3.5797616349851614e-227,1035.4269610103813,0.02601308607556877,0.06726353545258605,0.011731315,0.035002645644110514
p7375_T,3.1540584387387905e-19,80.33885378971408,0.02601308607556877,0.06726353545258605,0.011731315,0.035002645644110514
p7376_T,2.712046023035514e-19,80.63720719238098,0.02601308607556877,0.06726353545258605,0.011731315,0.035002645644110514
p7377_N,2.3726677998089008e-229,1045.4502485044868,0.02601308607556877,0.06726353545258605,0.011731315,0.035002645644110514
p7378_N,3.8560960083700783e-233,1062.8831423708732,0.02601308607556877,0.06726353545258605,0.011731315,0.035002645644110514
p7379_N,2.9626425916458764e-234,1068.010656266541,0.02601308607556877,0.06726353545258605,0.011731315,0.035002645644110514
p7380_N,3.802722513350269e-235,1072.1127288407795,0.02601308607556877,0.06726353545258605,0.011731315,0.035002645644110514
p7381_N,2.921472557179361e-236,1077.2403954413985,0.02601308607556877,0.06726353545258605,0.011731315,0.035002645644110514
p7382_N,2.921472557179361e-236,1077.2403954413985,0.02601308607556877,0.06726353545258605,0.011731315,0.035002645644110514
p7383_T,2.843746903669623e-20,85.09495854632291,0.02601308607556877,0.06726353545258605,0.011731315,0.035002645644110514
p7384_N,1.061421857418144e-234,1070.0616857670304,0.02601308607556877,0.06726353545258605,0.011731315,0.035002645644110514
p7385_N,1.0762952670803844e-232,1060.832160945687,0.02601308607556877,0.06726353545258605,0.011731315,0.035002645644110514
p7386_T,1.0316496731343155e-19,82.54742441898009,0.02601308607556877,0.06726353545258605,0.011731315,0.035002645644110514
p7387_T,6.409987521717576e-20,83.48812468355601,0.02601308607556877,0.06726353545258605,0.011731315,0.035002645644110514
p7388_T,8.852253001640423e-20,82.84999375399002,0.02601308607556877,0.06726353545258605,0.011731315,0.035002645644110514
p7389_T,9.670024974516641e-20,82.67533813202901,0.02601308607556877,0.06726353545258605,0.011731315,0.035002645644110514
p7390_N,8.384785633709852e-232,1056.7302398708289,0.02601308607556877,0.06726353545258605,0.011731315,0.035002645644110514
p7391_N,2.0088526292490226e-232,1059.5852570465022,0.02601308607556877,0.06726353545258605,0.011731315,0.035002645644110514
p7392_N,3.307964204948181e-234,1067.7903595338676,0.02601308607556877,0.06726353545258605,0.011731315,0.035002645644110514
p7393_N,2.308103165213484e-233,1063.9086382731139,0.02601308607556877,0.06726353545258605,0.011731315,0.035002645644110514
p7394_N,5.524016820787043e-239,1089.7703278821998,0.02601308607556877,0.06726353545258605,0.011731315,0.035002645644110514
p7395_N,7.091639529818208e-240,1093.8721255170535,0.02601308607556877,0.06726353545258605,0.011731315,0.035002645644110514
p7396_T,5.886753369379164e-21,88.20979994393684,0.02601308607556877,0.06726353545258605,0.011731315,0.035002645644110514
p7397_N,9.228490769855755e-239,1088.7448870921544,0.02601308607556877,0.06726353545258605,0.011731315,0.035002645644110514
p7398_N,2.5756116244838777e-238,1086.6940159169849,0.02601308607556877,0.06726353545258605,0.011731315,0.035002645644110514
p7399_N,6.407963122624291e-238,1084.8727813382425,0.02601308607556877,0.06726353545258605,0.011731315,0.035002645644110514
p7400_T,8.916637316921418e-21,87.38852365731604,0.02601308607556877,0.06726353545258605,0.011731315,0.035002645644110514
p7401_T,8.916637316921418e-21,87.38852365731604,0.02601308607556877,0.06726353545258605,0.011731315,0.035002645644110514
p7402_N,5.524016820787043e-239,1089.7703278821998,0.02601308607556877,0.06726353545258605,0.011731315,0.035002645644110514
p7403_T,8.916637316921418e-21,87.38852365731604,0.02601308607556877,0.06726353545258605,0.011731315,0.035002645644110514
p7404_N,9.228490769855755e-239,1088.7448870921544,0.02601308607556877,0.06726353545258605,0.011731315,0.035002645644110514
p7405_N,3.8359930105318405e-238,1085.8980646845962,0.02601308607556877,0.06726353545258605,0.011731315,0.035002645644110514
p7406_N,2.9534478519896204e-242,1104.8244079424494,0.02601308607556877,0.06726353545258605,0.011731315,0.035002645644110514
p7407_T,4.911771008306733e-22,93.12403139288274,0.02601308607556877,0.06726353545258605,0.011731315,0.035002645644110514
p7408_T,8.201177253582049e-22,92.10947485861229,0.02601308607556877,0.06726353545258605,0.011731315,0.035002645644110514
p7409_N,2.2717965301642735e-243,1109.9497627296141,0.02601308607556877,0.06726353545258605,0.011731315,0.035002645644110514
p7410_N,1.9670738163977883e-244,1114.8385936528432,0.02601308607556877,0.06726353545258605,0.011731315,0.035002645644110514
p7411_N,5.488787227360924e-244,1112.7881108012425,0.02601308607556877,0.06726353545258605,0.011731315,0.035002645644110514
p7412_N,8.480799281293274e-232,1056.707489617953,0.02601308607556877,0.06726353545258605,0.011731315,0.035002645644110514
p7413_T,3.5742624652416158e-19,80.09172452611921,0.02601308607556877,0.06726353545258605,0.011731315,0.035002645644110514
p7414_T,3.520077393864814e-19,80.12190835046803,0.02601308607556877,0.06726353545258605,0.011731315,0.035002645644110514
p7415_N,9.03967859308493e-231,1051.9791577557612,0.02601308607556877,0.06726353545258605,0.011731315,0.035002645644110514
p7416_T,3.004396786720794e-19,80.43491326967072,0.02601308607556877,0.06726353545258605,0.011731315,0.035002645644110514
p7417_N,7.383143972689489e-224,1020.1784513316348,0.02601308607556877,0.06726353545258605,0.011731315,0.035002645644110514
p7418_N,5.816666111724907e-188,855.0454708245102,0.02601308607556877,0.06726353545258605,0.011731315,0.035002645644110514
p7419_N,3.805378239852425e-191,869.692659060293,0.02601308607556877,0.06726353545258605,0.011731315,0.035002645644110514
p7420_N,1.414516033093659e-194,885.4694881370335,0.02601308607556877,0.06726353545258605,0.011731315,0.035002645644110514
p7421_N,8.747052927450464e-197,895.6297562880893,0.02601308607556877,0.06726353545258605,0.011731315,0.035002645644110514
p7422_N,1.0973032454190424e-220,1005.5848385108559,0.02601308607556877,0.06726353545258605,0.011731315,0.035002645644110514
p7422_T,0.0,6690.787596448026,1.0,1.0,1.0,1.0
p7423_N,6.082342168022493e-192,873.3556869081417,0.02601308607556877,0.06726353545258605,0.011731315,0.035002645644110514
p7424_T,8.940042419927051e-20,82.83048719452452,0.02601308607556877,0.06726353545258605,0.011731315,0.035002645644110514
p7425_T,1.3399863792200247e-19,82.03056077717098,0.02601308607556877,0.06726353545258605,0.011731315,0.035002645644110514
p7426_N,9.960496662489578e-192,872.3703390267057,0.02601308607556877,0.06726353545258605,0.011731315,0.035002645644110514
p7427_N,7.52240389899561e-189,859.1315676672041,0.02601308607556877,0.06726353545258605,0.011731315,0.035002645644110514
p7428_T,6.215455700156523e-19,78.998581152199,0.02601308607556877,0.06726353545258605,0.011731315,0.035002645644110514
p7429_T,3.8601140803660064e-19,79.93970387325538,0.02601308607556877,0.06726353545258605,0.011731315,0.035002645644110514
p7430_N,2.868416692983613e-191,870.2573218670357,0.02601308607556877,0.06726353545258605,0.011731315,0.035002645644110514
p7431_T,2.206093202054554e-19,81.04523799322467,0.02601308607556877,0.06726353545258605,0.011731315,0.035002645644110514
p7432_N,4.699771275488315e-191,869.2709460667617,0.02601308607556877,0.06726353545258605,0.011731315,0.035002645644110514
p7433_N,2.3234610661431854e-191,870.6782439927496,0.02601308607556877,0.06726353545258605,0.011731315,0.035002645644110514
p7434_N,1.20186898911959e-189,862.7953378949816,0.02601308607556877,0.06726353545258605,0.011731315,0.035002645644110514
p7435_N,3.1432130438982484e-190,865.4746792024885,0.02601308607556877,0.06726353545258605,0.011731315,0.035002645644110514
p7436_T,5.2321103607662726e-20,83.88952192133289,0.02601308607556877,0.06726353545258605,0.011731315,0.035002645644110514
p7437_T,3.460016816118221e-19,80.1559130660168,0.02601308607556877,0.06726353545258605,0.011731315,0.035002645644110514
p7438_G,1.5280898849133954e-248,1133.747542369506,0.024336521383555455,0.36440615435155865,0.020198205,0.1363136270736847
p7438_N,2.813097911013774e-182,828.8983153783861,0.02601308607556877,0.06726353545258605,0.011731315,0.035002645644110514
p7439_N,6.512914697419068e-176,799.6241606431124,0.02601308607556877,0.06726353545258605,0.011731315,0.035002645644110514
p7440_T,7.807768532553146e-19,78.54800399068458,0.02601308607556877,0.06726353545258605,0.011731315,0.035002645644110514
p7441_N,4.274357530047289e-173,786.6672521639323,0.02601308607556877,0.06726353545258605,0.011731315,0.035002645644110514
p7442_N,3.234583455702149e-174,791.823373097283,0.02601308607556877,0.06726353545258605,0.011731315,0.035002645644110514
p7443_T,1.0549186496858879e-18,77.95355880077325,0.02601308607556877,0.06726353545258605,0.011731315,0.035002645644110514
p7444_N,2.8099397525852082e-173,787.5051318441713,0.02601308607556877,0.06726353545258605,0.011731315,0.035002645644110514
p7445_N,3.637882304468626e-172,782.3899843586462,0.02601308607556877,0.06726353545258605,0.011731315,0.035002645644110514
p7446_T,5.597128300782508e-19,79.20559717797866,0.02601308607556877,0.06726353545258605,0.011731315,0.035002645644110514
p7447_T,9.674539621496335e-19,78.1245230875652,0.02601308607556877,0.06726353545258605,0.011731315,0.035002645644110514
p7448_N,3.254636538449376e-172,782.612343158104,0.02601308607556877,0.06726353545258605,0.011731315,0.035002645644110514
p7449_T,1.1501622989635945e-18,77.78281964770895,0.02601308607556877,0.06726353545258605,0.011731315,0.035002645644110514
p7450_N,4.274357530047289e-173,786.6672521639323,0.02601308607556877,0.06726353545258605,0.011731315,0.035002645644110514
p7451_N,2.2710359475375355e-174,792.5298116974064,0.02601308607556877,0.06726353545258605,0.011731315,0.035002645644110514
p7452_T,5.168885054722117e-19,79.36285416937125,0.02601308607556877,0.06726353545258605,0.011731315,0.035002645644110514
p7453_T,6.561365106994809e-19,78.89158487037051,0.02601308607556877,0.06726353545258605,0.011731315,0.035002645644110514
p7454_N,2.565540135175372e-174,792.2862524054374,0.02601308607556877,0.06726353545258605,0.011731315,0.035002645644110514
p7455_N,4.446180911473304e-175,795.7872715406546,0.02601308607556877,0.06726353545258605,0.011731315,0.035002645644110514
p7456_N,1.1861486385770033e-170,775.4299370875924,0.02601308607556877,0.06726353545258605,0.011731315,0.035002645644110514
p7457_N,9.562888059492019e-174,789.6581252255011,0.02601308607556877,0.06726353545258605,0.011731315,0.035002645644110514
p7457_T,2.8077771510260944e-89,401.34400608584025,0.37941618934986643,0.24564064774423813,0.3322269,0.31909457978019323
p7458_N,2.2043405483013904e-171,778.7913592441435,0.02601308607556877,0.06726353545258605,0.011731315,0.035002645644110514
p7459_T,2.253486212544835e-18,76.45447375904925,0.02601308607556877,0.06726353545258605,0.011731315,0.035002645644110514
p7460_N,6.709881309487381e-173,785.7665000339645,0.02601308607556877,0.06726353545258605,0.011731315,0.035002645644110514
p7461_T,2.28737838453804e-18,76.42499411695415,0.02601308607556877,0.06726353545258605,0.011731315,0.035002645644110514
p7462_N,2.0670053092486432e-171,778.9198497792389,0.02601308607556877,0.06726353545258605,0.011731315,0.035002645644110514
p7463_N,1.5011470449981546e-170,774.9595066021691,0.02601308607556877,0.06726353545258605,0.011731315,0.035002645644110514
p7464_N,8.821912642388567e-173,785.2198792939198,0.02601308607556877,0.06726353545258605,0.011731315,0.035002645644110514
p7465_T,3.4257505178998254e-18,75.6273974238537,0.02601308607556877,0.06726353545258605,0.011731315,0.035002645644110514
p7466_T,2.6932222237156226e-18,76.10245515636228,0.02601308607556877,0.06726353545258605,0.011731315,0.035002645644110514
p7467_N,2.475400211780119e-172,783.1590037114561,0.02601308607556877,0.06726353545258605,0.011731315,0.035002645644110514
p7468_T,5.995946592409157e-18,74.52222410002736,0.02601308607556877,0.06726353545258605,0.011731315,0.035002645644110514
p7469_T,3.941687472210116e-18,75.35039878974248,0.02601308607556877,0.06726353545258605,0.011731315,0.035002645644110514
p7470_T,2.8896331994996312e-18,75.96345561719059,0.02601308607556877,0.06726353545258605,0.011731315,0.035002645644110514
p7471_N,4.035449285210149e-171,777.5835288891634,0.02601308607556877,0.06726353545258605,0.011731315,0.035002645644110514
p7472_N,1.2242527734487587e-169,770.767544090685,0.02601308607556877,0.06726353545258605,0.011731315,0.035002645644110514
p7473_N,4.700234161485896e-170,772.6796796049039,0.02601308607556877,0.06726353545258605,0.011731315,0.035002645644110514
p7474_N,1.936157748382893e-171,779.0504732870867,0.02601308607556877,0.06726353545258605,0.011731315,0.035002645644110514
p7475_N,7.410353955882309e-172,780.9688448409635,0.02601308607556877,0.06726353545258605,0.011731315,0.035002645644110514
p7476_N,9.774252168762965e-172,780.4158046488765,0.02601308607556877,0.06726353545258605,0.011731315,0.035002645644110514
p7477_T,3.674781599704396e-18,75.4888393604886,0.02601308607556877,0.06726353545258605,0.011731315,0.035002645644110514
p8388_N,5.226305678753843e-172,781.6663015404615,0.02601308607556877,0.06726353545258605,0.011731315,0.035002645644110514
p8389_T,3.827131106323753e-18,75.40863242682522,0.02601308607556877,0.06726353545258605,0.011731315,0.035002645644110514
p8390_N,1.086160327773087e-169,771.006598456969,0.02601308607556877,0.06726353545258605,0.011731315,0.035002645644110514
p8391_N,1.922331257107995e-168,765.2671013405652,0.02601308607556877,0.06726353545258605,0.011731315,0.035002645644110514
p8392_T,9.854704866466077e-18,73.54140634936616,0.02601308607556877,0.06726353545258605,0.011731315,0.035002645644110514
p8393_N,1.4263507575658712e-166,756.6648746841176,0.02601308607556877,0.06726353545258605,0.011731315,0.035002645644110514
p8394_T,1.5349756856362344e-17,72.66676261453088,0.02601308607556877,0.06726353545258605,0.011731315,0.035002645644110514
p8395_N,1.8354168904837657e-165,751.5621484603121,0.02601308607556877,0.06726353545258605,0.011731315,0.035002645644110514
p8397_N,4.520755866522209e-165,749.7617254346052,0.02601308607556877,0.06726353545258605,0.011731315,0.035002645644110514
p8398_N,2.0573295909394256e-163,742.1361213739718,0.02601308607556877,0.06726353545258605,0.011731315,0.035002645644110514
p8399_N,1.1295638505720298e-161,734.1357450416363,0.02601308607556877,0.06726353545258605,0.011731315,0.035002645644110514
p8400_N,2.955243141595384e-156,709.2208273857315,0.02601308607556877,0.06726353545258605,0.011731315,0.035002645644110514
p8401_N,1.0854840969159143e-152,692.826577344427,0.02601308607556877,0.06726353545258605,0.011731315,0.035002645644110514
p8402_T,7.792735992274787e-14,55.85728696917405,0.02601308607556877,0.06726353545258605,0.011731315,0.035002645644110514
p8403_T,1.078630896266153e-13,55.218241024711844,0.02601308607556877,0.06726353545258605,0.011731315,0.035002645644110514
p8404_T,1.1456715771581608e-13,55.09972116866581,0.02601308607556877,0.06726353545258605,0.011731315,0.035002645644110514
p8405_T,8.697748170962021e-14,55.641289185380565,0.02601308607556877,0.06726353545258605,0.011731315,0.035002645644110514
p8406_N,4.366569345017621e-137,621.0741196701144,0.02601308607556877,0.06726353545258605,0.011731315,0.035002645644110514
p8407_N,6.823896270516672e-138,624.780453013967,0.02601308607556877,0.06726353545258605,0.011731315,0.035002645644110514
p8408_N,4.8147360449162056e-135,611.6835584591962,0.02601308607556877,0.06726353545258605,0.011731315,0.035002645644110514
p8409_N,2.98116221257573e-135,612.6407359163445,0.02601308607556877,0.06726353545258605,0.011731315,0.035002645644110514
p8410_N,5.205196646468406e-131,593.1376124588137,0.02601308607556877,0.06726353545258605,0.011731315,0.035002645644110514
p8411_N,5.150532180961733e-131,593.1586919118031,0.02601308607556877,0.06726353545258605,0.011731315,0.035002645644110514
p8412_N,7.860456544265963e-132,596.9120859649393,0.02601308607556877,0.06726353545258605,0.011731315,0.035002645644110514
p8413_N,3.108385503361446e-131,594.1669923158295,0.02601308607556877,0.06726353545258605,0.011731315,0.035002645644110514
p8414_T,3.672919052755808e-12,48.2917624972677,0.02601308607556877,0.06726353545258605,0.011731315,0.035002645644110514
p8415_N,5.065305318244792e-130,588.5945913828884,0.02601308607556877,0.06726353545258605,0.011731315,0.035002645644110514
p8416_T,4.174370810109518e-12,48.040821792557935,0.02601308607556877,0.06726353545258605,0.011731315,0.035002645644110514
p8417_T,3.69139494336506e-12,48.28192320266294,0.02601308607556877,0.06726353545258605,0.011731315,0.035002645644110514
p8418_T,3.4883683859379743e-12,48.39285525332134,0.02601308607556877,0.06726353545258605,0.011731315,0.035002645644110514
p8419_N,2.8858431503724143e-133,603.510354284911,0.02601308607556877,0.06726353545258605,0.011731315,0.035002645644110514
p8420_N,4.4104550307761156e-135,611.8586798517283,0.02601308607556877,0.06726353545258605,0.011731315,0.035002645644110514
p8421_N,4.890145307784573e-133,602.4572851545106,0.02601308607556877,0.06726353545258605,0.011731315,0.035002645644110514
p8422_N,3.265932638490137e-132,598.6657607346458,0.02601308607556877,0.06726353545258605,0.011731315,0.035002645644110514
p8423_T,7.139439544870576e-13,51.50556613940185,0.02601308607556877,0.06726353545258605,0.011731315,0.035002645644110514
p8424_N,7.43482151419772e-134,606.2183471947735,0.02601308607556877,0.06726353545258605,0.011731315,0.035002645644110514
p8425_N,1.1503673537857068e-133,605.3467975028774,0.02601308607556877,0.06726353545258605,0.011731315,0.035002645644110514
p8443_G,0.0,6007.8040692079485,1.0,1.0,1.0,1.0
p8446_C,0.0,6048.427545006166,1.0,1.0,1.0,1.0
p8464_C,0.0,7222.350661722447,1.0,1.0,1.0,1.0
p8619_T,2.259363445204194e-25,108.34414110746417,0.0011292465740945423,0.08242003786565513,0.009793405,0.031114229953609292
p8630_NT,1.3448701324715444e-50,223.7947632319934,0.015269189984160339,0.042617329412727015,0.0151790315,0.02435518364180662
p8632_T,0.0013311959275314038,10.298760530762538,0.015269189984160339,0.042617329412727015,0.0151790315,0.02435518364180662
p8636_T,0.0005135029981316957,12.065980337457848,0.015269189984160339,0.042617329412727015,0.0151790315,0.02435518364180662
p8637_T,0.0004975707544938877,12.124747224592035,0.015269189984160339,0.042617329412727015,0.0151790315,0.02435518364180662
p8638_T,0.0005458757839087398,11.952040049561802,0.015269189984160339,0.042617329412727015,0.0151790315,0.02435518364180662
p8639_N,2.3120188758088323e-51,227.30087579504263,0.015269189984160339,0.042617329412727015,0.0151790315,0.02435518364180662
p8640_N,2.3120188758088323e-51,227.30087579504263,0.015269189984160339,0.042617329412727015,0.0151790315,0.02435518364180662
p8641_G,0.0,5935.803166402142,1.0,1.0,1.0,1.0
p8641_N,3.5766281583090425e-54,240.18909798125398,0.015269189984160339,0.042617329412727015,0.0151790315,0.02435518364180662
p8643_T,0.0007053721095237437,11.4750378466554,0.015269189984160339,0.042617329412727015,0.0151790315,0.02435518364180662
p8644_NT,3.748471674161982e-53,235.5095852219951,0.015269189984160339,0.042617329412727015,0.0151790315,0.02435518364180662
p8645_N,1.2399767150773405e-53,237.7128616567665,0.015269189984160339,0.042617329412727015,0.0151790315,0.02435518364180662
p8646_T,0.00040178383243557995,12.523879236222712,0.015269189984160339,0.042617329412727015,0.0151790315,0.02435518364180662
p8648_T,0.000332936639413115,12.875360199218441,0.015269189984160339,0.042617329412727015,0.0151790315,0.02435518364180662
p8649_G,1.4991388961400893e-244,1115.381420114332,0.024336521383555455,0.36440615435155865,0.020198205,0.1363136270736847
p8649_N,1.3200047493724924e-57,255.93518342654232,0.015269189984160339,0.042617329412727015,0.0151790315,0.02435518364180662
p8650_N,2.1393092300196959e-78,351.36325305801387,0.015269189984160339,0.042617329412727015,0.0151790315,0.02435518364180662
p8651_T,3.027047169087012e-06,21.799337002325913,0.015269189984160339,0.042617329412727015,0.0151790315,0.02435518364180662
p9237_T,3.1635305626030853e-06,21.714728568914463,0.015269189984160339,0.042617329412727015,0.0151790315,0.02435518364180662
p9238_T,2.778116703336802e-06,21.96400851146471,0.015269189984160339,0.042617329412727015,0.0151790315,0.02435518364180662
p9239_N,2.0515818877437816e-78,351.4467604312829,0.015269189984160339,0.042617329412727015,0.0151790315,0.02435518364180662
p9240_N,9.635430660412864e-80,357.54631816357397,0.015269189984160339,0.042617329412727015,0.0151790315,0.02435518364180662
p9241_G,0.0,7026.108686987565,1.0,1.0,1.0,1.0
p9241_N,5.080606357989925e-84,377.19382488376345,0.015269189984160339,0.042617329412727015,0.0151790315,0.02435518364180662
p9242_N,1.2087885017284805e-79,357.0940634325045,0.015269189984160339,0.042617329412727015,0.0151790315,0.02435518364180662
p9243_N,1.4589117451211627e-81,365.90402068096614,0.015269189984160339,0.042617329412727015,0.0151790315,0.02435518364180662
p9244_N,1.179815773918809e-84,380.1063177954787,0.015269189984160339,0.042617329412727015,0.0151790315,0.02435518364180662
p9245_N,2.663752080707028e-82,369.295923362547,0.015269189984160339,0.042617329412727015,0.0151790315,0.02435518364180662
p9246_N,3.892834884180851e-82,368.53915976127837,0.015269189984160339,0.042617329412727015,0.0151790315,0.02435518364180662
p9247_N,8.473900224739023e-81,362.3950045381737,0.015269189984160339,0.042617329412727015,0.0151790315,0.02435518364180662
p9248_T,1.3804595908082966e-06,23.307704005232516,0.015269189984160339,0.042617329412727015,0.0151790315,0.02435518364180662
p9249_T,1.5975923482721694e-06,23.026794131946524,0.015269189984160339,0.042617329412727015,0.0151790315,0.02435518364180662
p9250_N,1.866063176232595e-81,365.4130757070079,0.015269189984160339,0.042617329412727015,0.0151790315,0.02435518364180662
p9251_T,2.0998641289500126e-06,22.501437347771912,0.015269189984160339,0.042617329412727015,0.0151790315,0.02435518364180662
p9252_N,5.592376636885398e-80,358.6313899649435,0.015269189984160339,0.042617329412727015,0.0151790315,0.02435518364180662
p9253_N,4.088805643747085e-80,359.25596239179555,0.015269189984160339,0.042617329412727015,0.0151790315,0.02435518364180662
p9254_T,2.172514860171776e-06,22.43610472718389,0.015269189984160339,0.042617329412727015,0.0151790315,0.02435518364180662
p9255_N,2.5155002355570455e-75,337.2644836972913,0.015269189984160339,0.042617329412727015,0.0151790315,0.02435518364180662
p9256_T,4.556067017792288e-06,21.015399144062854,0.015269189984160339,0.042617329412727015,0.0151790315,0.02435518364180662
p9257_T,4.955201955511031e-06,20.85452510217492,0.015269189984160339,0.042617329412727015,0.0151790315,0.02435518364180662
p9258_N,1.136519434100331e-75,338.84882683510983,0.015269189984160339,0.042617329412727015,0.0151790315,0.02435518364180662
p9259_N,6.465579968427608e-75,335.3820060731796,0.015269189984160339,0.042617329412727015,0.0151790315,0.02435518364180662
p9260_T,7.175383821581395e-06,20.145901338238275,0.015269189984160339,0.042617329412727015,0.0151790315,0.02435518364180662
p9261_N,5.993444104366553e-75,335.533210968282,0.015269189984160339,0.042617329412727015,0.0151790315,0.02435518364180662
p9261_T,0.0,7289.712069687523,1.0,1.0,1.0,1.0
p9262_N,2.6816437596763e-74,332.54540509153867,0.015269189984160339,0.042617329412727015,0.0151790315,0.02435518364180662
p9263_N,6.3620369784482636e-74,330.8227306562938,0.015269189984160339,0.042617329412727015,0.0151790315,0.02435518364180662
p9264_N,5.629101373379071e-72,321.8844126646551,0.015269189984160339,0.042617329412727015,0.0151790315,0.02435518364180662
p9265_N,4.7894417368487145e-71,317.6155828839495,0.015269189984160339,0.042617329412727015,0.0151790315,0.02435518364180662
p9266_N,5.585881450238816e-72,321.8997803566451,0.015269189984160339,0.042617329412727015,0.0151790315,0.02435518364180662
p9267_N,8.890342125999389e-73,325.5642532579342,0.015269189984160339,0.042617329412727015,0.0151790315,0.02435518364180662
p9268_N,4.0489926989513285e-71,317.9504271711529,0.015269189984160339,0.042617329412727015,0.0151790315,0.02435518364180662
p9269_N,3.764134724869159e-70,313.50514911006246,0.015269189984160339,0.042617329412727015,0.0151790315,0.02435518364180662
p9270_T,1.626821955633618e-05,18.582794897265778,0.015269189984160339,0.042617329412727015,0.0151790315,0.02435518364180662
p9271_N,4.084064734905197e-64,285.802883691578,0.015269189984160339,0.042617329412727015,0.0151790315,0.02435518364180662
p9272_N,6.23314234797e-64,284.96024035573106,0.015269189984160339,0.042617329412727015,0.0151790315,0.02435518364180662
p9273_N,4.623657657861387e-60,267.2008394509874,0.015269189984160339,0.042617329412727015,0.0151790315,0.02435518364180662
p9274_N,8.705092498822154e-60,265.94008992727106,0.015269189984160339,0.042617329412727015,0.0151790315,0.02435518364180662
p9275_N,3.4029355640257627e-60,267.8116680581083,0.015269189984160339,0.042617329412727015,0.0151790315,0.02435518364180662
p9408_C,3.0742219621781295e-221,1008.1270961912389,0.024336521383555455,0.36440615435155865,0.020198205,0.1363136270736847
p9562_C,0.0,7779.99000999148,1.0,1.0,1.0,1.0
p9991_T,0.0,7804.781162405816,1.0,1.0,1.0,1.0
p10326_T,0.0,7564.99627248068,1.0,1.0,1.0,1.0
p10436_T,0.0,6747.658595905753,1.0,1.0,1.0,1.0
p10584_C,0.0,6235.313965974881,1.0,1.0,1.0,1.0
p10678_T,0.0,7715.716064381279,1.0,1.0,1.0,1.0
p11158_C,1.2291195988770532e-218,996.1570139690098,0.024336521383555455,0.36440615435155865,0.020198205,0.1363136270736847
p13462_T,0.0,7705.249928844907,1.0,1.0,1.0,1.0
p13507_T,0.0,7239.740130702328,1.0,1.0,1.0,1.0
p13541_T,0.0,3523.2368663010693,0.024336521383555455,0.36440615435155865,0.020198205,0.1363136270736847
p13544_T,0.0,7689.942458661661,1.0,1.0,1.0,1.0
p13952_G,0.0,7728.116618183867,1.0,1.0,1.0,1.0
p14038_T,0.0,7631.806974252084,1.0,1.0,1.0,1.0
